Sensitivity,Pollutant,Area,Functional Group,SciCode,SciName
Sensitive,N,East,large matrix,Ahtaur,Ahtiana aurescens
Sensitive,N,East,forage,Brycap,Bryoria capillaris
Sensitive,N,East,forage,Bryfur,Bryoria furcellata
Sensitive,N,East,forage,Bryfus,Bryoria fuscescens
Sensitive,N,East,forage,Brynad,Bryoria nadvornikiana
Sensitive,N,East,forage,Brytri,Bryoria trichodes
Sensitive,N,East,large matrix,Cetchi,Cetrelia chicitae
Sensitive,N,East,large matrix,Cetoli,Cetrelia olivetorum
Sensitive,N,East,small matrix,Clacen,Cladonia cenotea
Sensitive,N,East,small matrix,Clachl,Cladonia chlorophaea
Sensitive,N,East,small matrix,Clacrit,Cladonia cristatella
Sensitive,N,East,small matrix,Clagray,Cladonia grayi
Sensitive,N,East,small matrix,Clarei,Cladonia rei
Sensitive,N,East,small matrix,Clasqu,Cladonia squamosa
Sensitive,N,East,cyanolichen,Colnig,Collema nigrescens
Sensitive,N,East,cyanolichen,Colsubf,Collema subflaccidum
Sensitive,N,East,large matrix,Evemes,Evernia mesomorpha
Sensitive,N,East,large matrix,Hypkro,Hypogymnia krogiae
Sensitive,N,East,large matrix,Hypphy,Hypogymnia physodes
Sensitive,N,East,large matrix,Hyptub,Hypogymnia tubulosa
Sensitive,N,East,large matrix,Hyptrev,Hypotrachyna revoluta
Sensitive,N,East,large matrix,Imsale,Imshaugia aleurites
Sensitive,N,East,cyanolichen,Lepburn,Leptogium burnetiae
Sensitive,N,East,cyanolichen,Lepcya,Leptogium cyanescens
Sensitive,N,East,cyanolichen,Lepsat,Leptogium saturninum
Sensitive,N,East,cyanolichen,Lobpul,Lobaria pulmonaria
Sensitive,N,East,cyanolichen,Lobque,Lobaria quercizans
Sensitive,N,East,small matrix,Melesubu,Melanelixia subaurifera
Sensitive,N,East,small matrix,Melolia,Melanohalea olivacea
Sensitive,N,East,small matrix,Melosep,Melanohalea septentrionalis
Sensitive,N,East,small matrix,Mensub,Menegazzia subsimilis
Sensitive,N,East,small matrix,Myegal,Myelochroa galbina
Sensitive,N,East,cyanolichen,Nephel,Nephroma helveticum
Sensitive,N,East,cyanolichen,Nephel,Nephroma helveticum subsp. sipeanum
Sensitive,N,East,cyanolichen,Nepres,Nephroma resupinatum
Sensitive,N,East,cyanolichen,Pancon,Pannaria conoplea
Sensitive,N,East,large matrix,Parsqu,Parmelia squarrosa
Sensitive,N,East,large matrix,Parsul,Parmelia sulcata
Sensitive,N,East,large matrix,Parltri,Parmeliella triptophylla
Sensitive,N,East,small matrix,Parpamb,Parmeliopsis ambigua
Sensitive,N,East,small matrix,Parpcap,Parmeliopsis capitata
Sensitive,N,East,small matrix,Parphyp,Parmeliopsis hyperopta
Sensitive,N,East,large matrix,Plagla,Platismatia glauca
Sensitive,N,East,large matrix,Platuc,Platismatia tuckermanii
Sensitive,N,East,cyanolichen,Pseccro,Pseudocyphellaria crocata
Sensitive,N,East,small matrix,Pyxsor,Pyxine sorediata
Sensitive,N,East,forage,Ramame,Ramalina americana
Sensitive,N,East,forage,Ramdil,Ramalina dilacerata
Sensitive,N,East,large matrix,Tucame,Tuckermannopsis americana
Sensitive,N,East,large matrix,Tuccil,Tuckermannopsis ciliaris
Sensitive,N,East,large matrix,Tucorb,Tuckermannopsis orbata
Sensitive,N,East,forage,Usnea,Usnea
Sensitive,N,East,forage,Usnfil,Usnea filipendula
Sensitive,N,East,forage,Usnhir,Usnea hirta
Sensitive,N,East,forage,Usnlon,Usnea longissima
Sensitive,N,East,forage,Usnsubfl,Usnea subfloridana
Sensitive,N,East,forage,Usntric,Usnea trichodea
Sensitive,N,East,forage,Usncoak,Usnocetraria oakesiana
Sensitive,N,East,large matrix,Vulpin,Vulpicida pinastri
Intermediate,N,East,small matrix,Clasca,Cladonia scabriuscula
Intermediate,N,East,forage,Usnglae,Usnea glabrescens
Intermediate,N,East,forage,Usncav,Usnea cavernosa
Intermediate,N,East,large matrix,Tucsep,Tuckermannopsis sepincola
Intermediate,N,East,forage,Ramint,Ramalina intermedia
Intermediate,N,East,small matrix,Clacor,Cladonia cornuta
Intermediate,N,East,cyanolichen,Neppar,Nephroma parile
Intermediate,N,East,small matrix,Claple,Cladonia pleurota
Intermediate,N,East,small matrix,Meloexau,Melanohalea exasperatula
Intermediate,N,East,large matrix,Hetspe,Heterodermia speciosa
Intermediate,N,East,small matrix,Clamul,Cladonia multiformis
Intermediate,N,East,large matrix,Parmcrin,Parmotrema crinitum
Intermediate,N,East,small matrix,Clapyx,Cladonia pyxidata
Intermediate,N,East,small matrix,Phahis,Phaeophyscia hispidula
Intermediate,N,East,small matrix,Phycper,Physconia perisidiosa
Intermediate,N,East,small matrix,Polpol,Polycauliona polycarpa
Intermediate,N,East,small matrix,Phahirt,Phaeophyscia hirtella
Intermediate,N,East,small matrix,Phyaip,Physcia aipolia
Intermediate,N,East,small matrix,Melesubr,Melanelixia subargentifera
Intermediate,N,East,small matrix,Cladig,Cladonia digitata
Intermediate,N,East,small matrix,Candfib,Candelaria fibrosa
Intermediate,N,East,forage,Ramsin,Ramalina sinensis
Intermediate,N,East,large matrix,Flaufla,Flavopunctelia flaventior
Intermediate,N,East,small matrix,Xanfal,Xanthomendoza fallax
Intermediate,N,East,small matrix,Phyads,Physcia adscendens
Intermediate,N,East,large matrix,Flausorc,Flavopunctelia soredica
Intermediate,N,East,small matrix,Phahirs,Phaeophyscia hirsuta
Intermediate,N,East,small matrix,Phapus,Phaeophyscia pusilloides
Intermediate,N,East,small matrix,Phacil,Phaeophyscia ciliata
Intermediate,N,East,small matrix,Physte,Physcia stellaris
Intermediate,N,East,large matrix,Punbol,Punctelia bolliana
Intermediate,N,East,small matrix,Phylmel,Physciella melanchra
Intermediate,N,East,large matrix,Parsax,Parmelia saxatilis
Intermediate,N,East,small matrix,Candcon,Candelaria concolor
Tolerant,N,East,small matrix,Meleful,Melanelixia fuliginosa
Tolerant,N,East,cyanolichen,Pseecla,Pseudevernia cladonia
Tolerant,N,East,large matrix,Parmpra,Parmotrema praesorediosum
Tolerant,N,East,large matrix,Parmsubr,Parmotrema subrigidum
Tolerant,N,East,large matrix,Parmtin,Parmotrema tinctorum
Tolerant,N,East,small matrix,Phycri,Physcia crispa
Tolerant,N,East,large matrix,Parmram,Parmotrema rampoddense
Tolerant,N,East,large matrix,Hetalb,Heterodermia albicans
Tolerant,N,East,cyanolichen,Lepaus,Leptogium austroamericanum
Tolerant,N,East,small matrix,Bulsco,Bulbothrix scortella
Tolerant,N,East,large matrix,Parmxan,Parmotrema xanthinum
Tolerant,N,East,large matrix,Parmsubt,Parmotrema subtinctorium
Tolerant,N,East,large matrix,Pamrlou,Parmotrema louisianae
Tolerant,N,East,large matrix,Canpcar,Canoparmelia caroliniana
Tolerant,N,East,large matrix,Parmdil,Parmotrema dilatatum
Tolerant,N,East,large matrix,Parmperf,Parmotrema perforatum
Tolerant,N,East,large matrix,Parmsubm,Parmotrema submarginale
Tolerant,N,East,small matrix,Cocpal,Coccocarpia palmicola
Tolerant,N,East,large matrix,Tucfen,Tuckermanella fendleri
Tolerant,N,East,forage,Usnmir,Usnea mirabilis
Tolerant,N,East,large matrix,Punred,Punctelia reddenda
Tolerant,N,East,small matrix,Phyneo,Physcia neogaea
Tolerant,N,East,forage,Usnstr,Usnea strigosa
Tolerant,N,East,large matrix,Parmret,Parmotrema reticulatum
Tolerant,N,East,large matrix,Hetobs,Heterodermia obscurata
Tolerant,N,East,large matrix,Parmsubi,Parmotrema subisidiosum
Tolerant,N,East,large matrix,Parmult,Parmotrema ultralucens
Tolerant,N,East,large matrix,Hetleu,Heterodermia leucomela
Tolerant,N,East,large matrix,Parmeur,Parmotrema eurysacum
Tolerant,N,East,cyanolichen,Pseecon,Pseudevernia consocians
Tolerant,N,East,large matrix,Hethyp,Heterodermia hypoleuca
Tolerant,N,East,small matrix,Phycent,Physconia enteroxantha
Tolerant,N,East,forage,Usnrub,Usnea rubicunda
Tolerant,N,East,large matrix,Hetcas,Heterodermia casarettiana
Tolerant,N,East,forage,Usnmut,Usnea mutabilis
Tolerant,N,East,large matrix,Parmhypo,Parmotrema hypoleucinum
Tolerant,N,East,large matrix,Imspla,Imshaugia placorodia
Tolerant,N,East,large matrix,Hyptmin,Hypotrachyna minarum
Tolerant,N,East,large matrix,Parmgar,Parmotrema gardneri
Tolerant,N,East,small matrix,Cladid,Cladonia didyma
Tolerant,N,East,small matrix,Cladid,Cladonia didyma var. vulcanica
Tolerant,N,East,large matrix,Parmcet,Parmotrema cetratum
Tolerant,N,East,large matrix,Hypthor,Hypotrachyna horrescens
Tolerant,N,East,small matrix,Phyiame,Physcia americana
Tolerant,N,East,large matrix,Pungra,Punctelia graminicola
Tolerant,N,East,large matrix,Hetgra,Heterodermia granulifera
Tolerant,N,East,forage,Usncor,Usnea cornuta
Tolerant,N,East,small matrix,Hypesyn,Hyperphyscia syncolla
Tolerant,N,East,small matrix,Anapal,Anaptychia palmulata
Tolerant,N,East,forage,Usnsubsc,Usnea subscabrosa
Tolerant,N,East,small matrix,Myeaur,Myelochroa aurulenta
Tolerant,N,East,large matrix,Hetsqu,Heterodermia squamulosa
Tolerant,N,East,small matrix,Clamac,Cladonia macilenta var. bacillaris
Tolerant,N,East,small matrix,Clacae,Cladonia caespiticia
Tolerant,N,East,small matrix,Clacyl,Cladonia cylindrica
Tolerant,N,East,large matrix,Hyptcro,Hypotrachyna croceopustulata
Tolerant,N,East,small matrix,Myeobs,Myelochroa obsessa
Tolerant,N,East,small matrix,Pharub,Phaeophyscia rubropulchra
Tolerant,N,East,large matrix,Flaacap,Flavoparmelia caperata
Tolerant,N,East,large matrix,Flaabal,Flavoparmelia baltimorensis
Tolerant,N,East,large matrix,Punper,Punctelia perreticulata
Tolerant,N,East,large matrix,Punapp,Punctelia appalachensis
Tolerant,N,East,large matrix,Parmstu,Parmotrema stuppeum
Tolerant,N,East,large matrix,Punmis,Punctelia missouriensis
Tolerant,N,East,small matrix,Phymil,Physcia millegrana
Tolerant,N,East,large matrix,Hyptspu,Hypotrachyna spumosa
Tolerant,N,East,large matrix,Canptex,Canoparmelia texana
Tolerant,N,East,small matrix,Crecro,Crespoa crozalsiana
Tolerant,N,East,large matrix,Hyptpus,Hypotrachyna pustulifera
Tolerant,N,East,large matrix,Hyptsho,Hypotrachyna showmanii
Tolerant,N,East,large matrix,Parmhypt,Parmotrema hypotropum
Tolerant,N,East,large matrix,Parmmar,Parmotrema margaritatum
Tolerant,N,East,large matrix,Parmperl,Parmotrema perlatum
Tolerant,N,East,small matrix,Phaadi,Phaeophyscia adiastola
Tolerant,N,East,small matrix,Phylchl,Physciella chloantha
Tolerant,N,East,small matrix,Pyxsub,Pyxine subcinerea
Sensitive,N,West,forage,Alesar,Alectoria sarmentosa
Sensitive,N,West,cyanolichen,Anoano,Anomalobaria anomala
Sensitive,N,West,forage,Brcpse,Bryocaulon pseudosatoanum
Sensitive,N,West,forage,Brybic,Bryoria bicolor
Sensitive,N,West,forage,Brycar,Bryoria carlottae
Sensitive,N,West,forage,Brycer,Bryoria cervinula
Sensitive,N,West,forage,Brygla,Bryoria glabra
Sensitive,N,West,forage,Brylan,Bryoria lanestris
Sensitive,N,West,forage,Bryten,Bryoria tenuis
Sensitive,N,West,forage,Brytri,Bryoria trichodes
Sensitive,N,West,hv matrix,Bunmel,Bunodophoron melanocarpum
Sensitive,N,West,small matrix,Cavhul,Cavernularia hultenii
Sensitive,N,West,small matrix,Cavlop,Cavernularia lophyrea
Sensitive,N,West,small matrix,Claalb,Cladonia albonigra
Sensitive,N,West,small matrix,Clabel,Cladonia bellidiflora
Sensitive,N,West,small matrix,Clacarn,Cladonia carneola
Sensitive,N,West,small matrix,Clacen,Cladonia cenotea
Sensitive,N,West,small matrix,Clacoc,Cladonia coccifera
Sensitive,N,West,small matrix,Clacor,Cladonia cornuta
Sensitive,N,West,small matrix,Cladec,Cladonia decorticata
Sensitive,N,West,small matrix,Cladef,Cladonia deformis
Sensitive,N,West,small matrix,Claple,Cladonia pleurota
Sensitive,N,West,small matrix,Clasca,Cladonia scabriuscula
Sensitive,N,West,small matrix,Clasqu,Cladonia squamosa
Sensitive,N,West,small matrix,Clastr,Cladonia straminea
Sensitive,N,West,small matrix,Clasul,Cladonia sulphurina
Sensitive,N,West,small matrix,Claumb,Cladonia umbricola
Sensitive,N,West,cyanolichen,Denint,Dendriscocaulon intricatulum
Sensitive,N,West,cyanolichen,Denwri,Dendriscosticta wrightii
Sensitive,N,West,cyanolichen,Erisor,Erioderma sorediatum
Sensitive,N,West,cyanolichen,Fusahl,Fuscopannaria ahlneri
Sensitive,N,West,cyanolichen,Fuslac,Fuscopannaria laceratula
Sensitive,N,West,cyanolichen,Fusleuo,Fuscopannaria leucostictoides
Sensitive,N,West,large matrix,Hypapi,Hypogymnia apinnata
Sensitive,N,West,large matrix,Hypbit,Hypogymnia bitteri
Sensitive,N,West,large matrix,Hypdup,Hypogymnia duplicata
Sensitive,N,West,large matrix,Hypoce,Hypogymnia oceanica
Sensitive,N,West,large matrix,Hypvit,Hypogymnia vittata
Sensitive,N,West,large matrix,Imsale,Imshaugia aleurites
Sensitive,N,West,small matrix,Kaecal,Kaernefeltia californica
Sensitive,N,West,cyanolichen,Leisor,Leioderma sorediatum
Sensitive,N,West,cyanolichen,Lepdcon,Leptogidium contortum
Sensitive,N,West,cyanolichen,Lepbre,Leptogium brebissonii
Sensitive,N,West,cyanolichen,Lepburn,Leptogium burnetiae
Sensitive,N,West,cyanolichen,Lobamp,Lobaria amplissima
Sensitive,N,West,cyanolichen,Lobhal,Lobaria hallii
Sensitive,N,West,cyanolichen,Loblin,Lobaria linita
Sensitive,N,West,cyanolichen,Lobore,Lobaria oregana
Sensitive,N,West,cyanolichen,Lobret,Lobaria retigera
Sensitive,N,West,cyanolichen,Lobscr,Lobaria scrobiculata
Sensitive,N,West,small matrix,Loxcor,Loxosporopsis corallifera
Sensitive,N,West,cyanolichen,Neparc,Nephroma arcticum
Sensitive,N,West,cyanolichen,Nepbul,Nephroma bellum
Sensitive,N,West,cyanolichen,Nephel,Nephroma helveticum
Sensitive,N,West,cyanolichen,Nephel,Nephroma helveticum subsp. sipeanum
Sensitive,N,West,cyanolichen,Nepisi,Nephroma isidiosum
Sensitive,N,West,cyanolichen,Neppar,Nephroma parile
Sensitive,N,West,large matrix,Parsqu,Parmelia squarrosa
Sensitive,N,West,large matrix,Parlpar,Parmeliella parvula
Sensitive,N,West,large matrix,Parltri,Parmeliella triptophylla
Sensitive,N,West,large matrix,Plalac,Platismatia lacunosa
Sensitive,N,West,large matrix,Planor,Platismatia norvegica
Sensitive,N,West,small matrix,Polmus,Polychidium muscicola
Sensitive,N,West,small matrix,Propez,Protopannaria pezizoides
Sensitive,N,West,cyanolichen,Pseccro,Pseudocyphellaria crocata
Sensitive,N,West,cyanolichen,Psecmal,Pseudocyphellaria mallota
Sensitive,N,West,cyanolichen,Psecrai,Pseudocyphellaria rainierensis
Sensitive,N,West,forage,Ramroe,Ramalina roesleri
Sensitive,N,West,forage,Ramthr,Ramalina thrausta
Sensitive,N,West,large matrix,Sphglo,Sphaerophorus globosus
Sensitive,N,West,cyanolichen,Stibea,Sticta beauvoisii
Sensitive,N,West,forage,Usnlon,Usnea longissima
Sensitive,N,West,forage,Usnsil,Usnea silesiaca
Sensitive,N,West,forage,Brysim,Bryoria simplicior
Sensitive,N,West,small matrix,Kaemer,Kaernefeltia merrillii
Sensitive,N,West,large matrix,Vulcan,Vulpicida canadensis
Sensitive,N,West,large matrix,Letcol,Letharia columbiana
Sensitive,N,West,forage,Bryfre,Bryoria fremontii
Sensitive,N,West,forage,Brypsef,Bryoria pseudofuscescens
Sensitive,N,West,large matrix,Ahtsph,Ahtiana sphaerosporella
Sensitive,N,West,forage,Nodabb,Nodobryoria abbreviata
Sensitive,N,West,large matrix,Letvul,Letharia vulpina
Sensitive,N,West,forage,Aleims,Alectoria imshaugii
Sensitive,N,West,large matrix,Hypocc,Hypogymnia occidentalis
Sensitive,N,West,forage,Bryspi,Bryoria spiralifera
Sensitive,N,West,large matrix,Hypims,Hypogymnia imshaugii
Sensitive,N,West,large matrix,Tucpla,Tuckermannopsis platyphylla
Sensitive,N,West,forage,Brypsec,Bryoria pseudocapillaris
Sensitive,N,West,large matrix,Ahtpal,Ahtiana pallidula
Sensitive,N,West,large matrix,,
Sensitive,N,West,forage,Bryfur,Bryoria furcellata
Sensitive,N,West,small matrix,Parpamb,Parmeliopsis ambigua
Sensitive,N,West,large matrix,Hyphet,Hypogymnia heterophylla
Sensitive,N,West,small matrix,Monsor,Montanelia sorediata
Sensitive,N,West,forage,Bryfus,Bryoria fuscescens
Sensitive,N,West,large matrix,Essida,Esslingeriana idahoensis
Sensitive,N,West,large matrix,Tucchl,Tuckermannopsis chlorophylla
Sensitive,N,West,small matrix,Parphyp,Parmeliopsis hyperopta
Sensitive,N,West,forage,Usnsca,Usnea scabrata
Sensitive,N,West,forage,Usnrub,Usnea rubicunda
Sensitive,N,West,forage,Nodore,Nodobryoria oregana
Sensitive,N,West,forage,Brycap,Bryoria capillaris
Sensitive,N,West,cyanolichen,Fuspac,Fuscopannaria pacifica
Sensitive,N,West,forage,Brynad,Bryoria nadvornikiana
Sensitive,N,West,cyanolichen,Anoant,Anomalobaria anthraspis
Sensitive,N,West,forage,Alevan,Alectoria vancouverensis
Sensitive,N,West,cyanolichen,Nepocc,Nephroma occultum
Sensitive,N,West,cyanolichen,Lobpul,Lobaria pulmonaria
Sensitive,N,West,large matrix,Hyprug,Hypogymnia rugosa
Sensitive,N,West,forage,Bryfri,Bryoria friabilis
Sensitive,N,West,large matrix,Hypaus,Hypogymnia austerodes
Sensitive,N,West,large matrix,Parmcrin,Parmotrema crinitum
Sensitive,N,West,small matrix,Meloexau,Melanohalea exasperatula
Sensitive,N,West,forage,Usnpar,Usnea parvula
Sensitive,N,West,forage,,
Sensitive,N,West,small matrix,Phahirt,Phaeophyscia hirtella
Sensitive,N,West,small matrix,Phylnep,Physciella nepalensis
Sensitive,N,West,cyanolichen,Neplae,Nephroma laevigatum
Sensitive,N,West,small matrix,Meloele,Melanohalea elegantula
Sensitive,N,West,small matrix,Enccon,Enchylium conglomeratum
Sensitive,N,West,forage,Usnfra,Usnea fragilescens
Sensitive,N,West,forage,Usnlap,Usnea lapponica
Sensitive,N,West,forage,Usncor,Usnea cornuta
Sensitive,N,West,small matrix,Phakai,Phaeophyscia kairamoi
Intermediate,N,West,small matrix,Clamac,Cladonia macilenta var. bacillaris
Intermediate,N,West,small matrix,Phahirs,Phaeophyscia hirsuta
Intermediate,N,West,small matrix,Clanor,Cladonia norvegica
Intermediate,N,West,cyanolichen,Vahsau,Vahliella saubinetii
Intermediate,N,West,large matrix,Hetrug,Heterodermia rugulosa
Intermediate,N,West,large matrix,Tucsub,Tuckermannopsis subalpina
Intermediate,N,West,large matrix,Tucfen,Tuckermanella fendleri
Intermediate,N,West,small matrix,Phycmus,Physconia muscigena
Intermediate,N,West,large matrix,Hyptpul,Hypotrachyna pulvinata
Intermediate,N,West,large matrix,Vulpin,Vulpicida pinastri
Intermediate,N,West,cyanolichen,Colsubf,Collema subflaccidum
Intermediate,N,West,forage,Usncav,Usnea cavernosa
Intermediate,N,West,small matrix,Xansor,Rusavskia sorediata
Intermediate,N,West,small matrix,Phacil,Phaeophyscia ciliata
Intermediate,N,West,small matrix,Hypeadg,Hyperphyscia adglutinata
Intermediate,N,West,forage,Usnhir,Usnea hirta
Intermediate,N,West,cyanolichen,Pseeint,Pseudevernia intensa
Intermediate,N,West,forage,Usnglae,Usnea glabrescens
Intermediate,N,West,large matrix,Hypfar,Hypogymnia farinacea
Intermediate,N,West,small matrix,Meloexaa,Melanohalea exasperata
Intermediate,N,West,large matrix,Flausorc,Flavopunctelia soredica
Intermediate,N,West,large matrix,Evediv,Evernia divaricata
Intermediate,N,West,small matrix,Phylchl,Physciella chloantha
Intermediate,N,West,forage,Ramsin,Ramalina sinensis
Intermediate,N,West,large matrix,Imspla,Imshaugia placorodia
Intermediate,N,West,small matrix,Phahis,Phaeophyscia hispidula
Intermediate,N,West,small matrix,Phycele,Physconia elegantula
Intermediate,N,West,small matrix,Clapyx,Cladonia pyxidata
Intermediate,N,West,cyanolichen,Lepmil,Leptogium milligranum
Intermediate,N,West,small matrix,Physte,Physcia stellaris
Intermediate,N,West,large matrix,Tuccor,Tuckermanella coralligera
Intermediate,N,West,large matrix,Flaupra,Flavopunctelia praesignis
Intermediate,N,West,small matrix,Phanig,Phaeophyscia nigricans
Intermediate,N,West,small matrix,Clacari,Cladonia cariosa
Intermediate,N,West,small matrix,Phydub,Physcia dubia
Intermediate,N,West,large matrix,Pungra,Punctelia graminicola
Intermediate,N,West,small matrix,Phaend,Phaeophyscia endococcina
Intermediate,N,West,large matrix,Placarb,Placidium arboreum
Intermediate,N,West,cyanolichen,Lepars,Leptogium arsenei
Intermediate,N,West,small matrix,Montom,Montanelia tominii
Intermediate,N,West,forage,Usnari,Usnea intermedia
Intermediate,N,West,small matrix,Phycae,Physcia caesia
Intermediate,N,West,forage,Rammen,Ramalina menziesii
Intermediate,N,West,forage,Usnsubfl,Usnea subfloridana
Intermediate,N,West,cyanolichen,Lepfur,Leptogium pseudofurfuraceum
Intermediate,N,West,large matrix,Punhyp,Punctelia hypoleucites
Intermediate,N,West,large matrix,Flaudar,Flavopunctelia darrowi
Intermediate,N,West,cyanolichen,Lepdent,Leptogium denticulatum
Intermediate,N,West,small matrix,Phasci,Phaeophyscia sciastra
Intermediate,N,West,forage,Usnfil,Usnea filipendula
Intermediate,N,West,cyanolichen,Vahleu,Vahliella leucophaea
Intermediate,N,West,small matrix,Latfus,Lathagrium fuscovirens
Intermediate,N,West,cyanolichen,Nepres,Nephroma resupinatum
Intermediate,N,West,large matrix,Tucweb,Tuckermanella weberi
Intermediate,N,West,large matrix,Flaacap,Flavoparmelia caperata
Intermediate,N,West,cyanolichen,Fusmed,Fuscopannaria mediterranea
Intermediate,N,West,large matrix,Plaher,Platismatia herrei
Intermediate,N,West,large matrix,Tucorb,Tuckermannopsis orbata
Intermediate,N,West,cyanolichen,Scylic,Scytinium lichenoides
Intermediate,N,West,large matrix,Plaste,Platismatia stenophylla
Intermediate,N,West,forage,Rampoll,Ramalina pollinaria
Intermediate,N,West,small matrix,Clamul,Cladonia multiformis
Intermediate,N,West,small matrix,Claver,Cladonia verruculosa
Intermediate,N,West,large matrix,Hypent,Hypogymnia enteromorpha
Intermediate,N,West,forage,Ramdil,Ramalina dilacerata
Intermediate,N,West,forage,Usnpac,Usnea pacificana
Intermediate,N,West,cyanolichen,Scycel,Scytinium cellulosum
Intermediate,N,West,small matrix,Phycgri,Physconia grisea
Intermediate,N,West,large matrix,Hypina,Hypogymnia inactiva
Intermediate,N,West,large matrix,Hyptub,Hypogymnia tubulosa
Intermediate,N,West,large matrix,Plagla,Platismatia glauca
Intermediate,N,West,cyanolichen,Stiful,Sticta fuliginosa
Tolerant,N,West,cyanolichen,Lepsat,Leptogium saturninum
Tolerant,N,West,cyanolichen,Pelcol,Peltigera collina
Tolerant,N,West,large matrix,Hetleu,Heterodermia leucomela
Tolerant,N,West,large matrix,Parsul,Parmelia sulcata
Tolerant,N,West,small matrix,Clatra,Cladonia transcendens
Tolerant,N,West,cyanolichen,Lepter,Leptogium teretiusculum
Tolerant,N,West,cyanolichen,Stilim,Sticta limbata
Tolerant,N,West,forage,Ramfar,Ramalina farinacea
Tolerant,N,West,cyanolichen,Scygel,Scytinium gelatinosum
Tolerant,N,West,large matrix,Hypphy,Hypogymnia physodes
Tolerant,N,West,small matrix,Melesubu,Melanelixia subaurifera
Tolerant,N,West,large matrix,Telchr,Teloschistes chrysophthalmus
Tolerant,N,West,cyanolichen,Colfur,Collema furfuraceum
Tolerant,N,West,small matrix,Phyaip,Physcia aipolia
Tolerant,N,West,large matrix,Parhyg,Parmelia hygrophila
Tolerant,N,West,large matrix,Evepru,Evernia prunastri
Tolerant,N,West,forage,Usnea,Usnea
Tolerant,N,West,large matrix,Hyptsin,Hypotrachyna sinuosa
Tolerant,N,West,cyanolichen,Scypal,Scytinium palmatum
Tolerant,N,West,cyanolichen,Scypol,Scytinium polycarpum
Tolerant,N,West,small matrix,Phylmel,Physciella melanchra
Tolerant,N,West,forage,Usnwir,Usnea flavocardia
Tolerant,N,West,small matrix,Polpol,Polycauliona polycarpa
Tolerant,N,West,large matrix,Parmarn,Parmotrema arnoldii
Tolerant,N,West,forage,Usnsubst,Usnea substerilis
Tolerant,N,West,small matrix,Mensub,Menegazzia subsimilis
Tolerant,N,West,large matrix,Punper,Punctelia perreticulata
Tolerant,N,West,large matrix,Parmperl,Parmotrema perlatum
Tolerant,N,West,small matrix,Meleful,Melanelixia fuliginosa
Tolerant,N,West,large matrix,Flaufla,Flavopunctelia flaventior
Tolerant,N,West,forage,Usnglaa,Usnea glabrata
Tolerant,N,West,large matrix,Hyptrev,Hypotrachyna revoluta
Tolerant,N,West,small matrix,Mondis,Montanelia disjuncta
Tolerant,N,West,cyanolichen,Colnig,Collema nigrescens
Tolerant,N,West,small matrix,Melesubr,Melanelixia subargentifera
Tolerant,N,West,small matrix,Xanpar,Xanthoria parietina
Tolerant,N,West,forage,Ramsub,Ramalina subleptocarpha
Tolerant,N,West,forage,Usnwas,Usnea wasmuthii
Tolerant,N,West,small matrix,Phyads,Physcia adscendens
Tolerant,N,West,lv matrix,Candcon,Candelaria concolor
Tolerant,N,West,small matrix,Clachl,Cladonia chlorophaea
Tolerant,N,West,cyanolichen,Lepcaalb,Leptochidium albociliatum
Tolerant,N,West,small matrix,Meleglaa,Melanelixia glabra
Tolerant,N,West,large matrix,Niecep,Niebla cephalota
Tolerant,N,West,large matrix,Parnque,Parmelina coleae
Tolerant,N,West,small matrix,Phaorb,Phaeophyscia orbicularis
Tolerant,N,West,small matrix,Phybiz,Physcia biziana
Tolerant,N,West,small matrix,Phydim,Physcia dimidiata
Tolerant,N,West,small matrix,Phyten,Physcia tenella
Tolerant,N,West,small matrix,Phycame,Physconia americana
Tolerant,N,West,small matrix,Phycent,Physconia enteroxantha
Tolerant,N,West,small matrix,Phycfal,Physconia fallax
Tolerant,N,West,small matrix,Phycper,Physconia perisidiosa
Tolerant,N,West,small matrix,Polten,Polycauliona tenax
Tolerant,N,West,forage,Ramlep,Ramalina leptocarpha
Tolerant,N,West,small matrix,Xanfal,Xanthomendoza fallax
Sensitive,S,East,forage,Brycap,Bryoria capillaris
Sensitive,S,East,forage,Brytri,Bryoria trichodes
Sensitive,S,East,small matrix,Candcon,Candelaria concolor
Sensitive,S,East,small matrix,Candfib,Candelaria fibrosa
Sensitive,S,East,small matrix,Clacen,Cladonia cenotea
Sensitive,S,East,small matrix,Clachl,Cladonia chlorophaea
Sensitive,S,East,small matrix,Clacor,Cladonia cornuta
Sensitive,S,East,small matrix,Clacrit,Cladonia cristatella
Sensitive,S,East,small matrix,Cladig,Cladonia digitata
Sensitive,S,East,small matrix,Clamer,Cladonia merochlorophaea
Sensitive,S,East,small matrix,Clamul,Cladonia multiformis
Sensitive,S,East,small matrix,Claple,Cladonia pleurota
Sensitive,S,East,small matrix,Clapyx,Cladonia pyxidata
Sensitive,S,East,small matrix,Clasca,Cladonia scabriuscula
Sensitive,S,East,small matrix,Clasqu,Cladonia squamosa
Sensitive,S,East,cyanolichen,Colsubf,Collema subflaccidum
Sensitive,S,East,large matrix,Flaufla,Flavopunctelia flaventior
Sensitive,S,East,large matrix,Flausorc,Flavopunctelia soredica
Sensitive,S,East,large matrix,Hetspe,Heterodermia speciosa
Sensitive,S,East,small matrix,Hypesyn,Hyperphyscia syncolla
Sensitive,S,East,large matrix,Hyptrev,Hypotrachyna revoluta
Sensitive,S,East,cyanolichen,Lepsat,Leptogium saturninum
Sensitive,S,East,small matrix,Melesubr,Melanelixia subargentifera
Sensitive,S,East,small matrix,Meloexau,Melanohalea exasperatula
Sensitive,S,East,small matrix,Melosep,Melanohalea septentrionalis
Sensitive,S,East,small matrix,Melotra,Melanohalea trabeculata
Sensitive,S,East,cyanolichen,Nephel,Nephroma helveticum
Sensitive,S,East,cyanolichen,Nephel,Nephroma helveticum subsp. sipeanum
Sensitive,S,East,cyanolichen,Neppar,Nephroma parile
Sensitive,S,East,cyanolichen,Nepres,Nephroma resupinatum
Sensitive,S,East,cyanolichen,Pancon,Pannaria conoplea
Sensitive,S,East,large matrix,Parltri,Parmeliella triptophylla
Sensitive,S,East,small matrix,Parphyp,Parmeliopsis hyperopta
Sensitive,S,East,small matrix,Phacil,Phaeophyscia ciliata
Sensitive,S,East,small matrix,Phahirs,Phaeophyscia hirsuta
Sensitive,S,East,small matrix,Phahirt,Phaeophyscia hirtella
Sensitive,S,East,small matrix,Phahis,Phaeophyscia hispidula
Sensitive,S,East,small matrix,Phyads,Physcia adscendens
Sensitive,S,East,small matrix,Phyaip,Physcia aipolia
Sensitive,S,East,small matrix,Physte,Physcia stellaris
Sensitive,S,East,small matrix,Phylchl,Physciella chloantha
Sensitive,S,East,small matrix,Phylmel,Physciella melanchra
Sensitive,S,East,small matrix,Phycper,Physconia perisidiosa
Sensitive,S,East,small matrix,Polpol,Polycauliona polycarpa
Sensitive,S,East,large matrix,Punbol,Punctelia bolliana
Sensitive,S,East,forage,Ramame,Ramalina americana
Sensitive,S,East,forage,Ramdil,Ramalina dilacerata
Sensitive,S,East,forage,Ramint,Ramalina intermedia
Sensitive,S,East,forage,Ramsin,Ramalina sinensis
Sensitive,S,East,large matrix,Tucame,Tuckermannopsis americana
Sensitive,S,East,forage,Usncav,Usnea cavernosa
Sensitive,S,East,forage,Usnfil,Usnea filipendula
Sensitive,S,East,forage,Usnglae,Usnea glabrescens
Sensitive,S,East,forage,Usnlon,Usnea longissima
Sensitive,S,East,large matrix,Vulpin,Vulpicida pinastri
Sensitive,S,East,small matrix,Xanfal,Xanthomendoza fallax
Intermediate,S,East,cyanolichen,Lobpul,Lobaria pulmonaria
Intermediate,S,East,large matrix,Ahtaur,Ahtiana aurescens
Intermediate,S,East,large matrix,Evemes,Evernia mesomorpha
Intermediate,S,East,large matrix,Platuc,Platismatia tuckermanii
Intermediate,S,East,cyanolichen,Lepcya,Leptogium cyanescens
Intermediate,S,East,small matrix,Parpamb,Parmeliopsis ambigua
Intermediate,S,East,large matrix,Parsqu,Parmelia squarrosa
Intermediate,S,East,large matrix,Imsale,Imshaugia aleurites
Intermediate,S,East,forage,Usnsubfl,Usnea subfloridana
Intermediate,S,East,cyanolichen,Lobque,Lobaria quercizans
Intermediate,S,East,small matrix,Melolia,Melanohalea olivacea
Intermediate,S,East,forage,Brynad,Bryoria nadvornikiana
Intermediate,S,East,forage,Bryfur,Bryoria furcellata
Intermediate,S,East,cyanolichen,Colnig,Collema nigrescens
Intermediate,S,East,small matrix,Myegal,Myelochroa galbina
Intermediate,S,East,small matrix,Melesubu,Melanelixia subaurifera
Intermediate,S,East,forage,Bryfus,Bryoria fuscescens
Intermediate,S,East,large matrix,Hyptub,Hypogymnia tubulosa
Intermediate,S,East,cyanolichen,Pseccro,Pseudocyphellaria crocata
Intermediate,S,East,forage,Usntric,Usnea trichodea
Intermediate,S,East,large matrix,Hypkro,Hypogymnia krogiae
Intermediate,S,East,small matrix,Parpcap,Parmeliopsis capitata
Intermediate,S,East,large matrix,Hypphy,Hypogymnia physodes
Intermediate,S,East,cyanolichen,Lepburn,Leptogium burnetiae
Intermediate,S,East,forage,Usnea,Usnea
Intermediate,S,East,large matrix,Tucorb,Tuckermannopsis orbata
Intermediate,S,East,large matrix,Plagla,Platismatia glauca
Intermediate,S,East,forage,Usnhir,Usnea hirta
Intermediate,S,East,large matrix,Tucsep,Tuckermannopsis sepincola
Intermediate,S,East,forage,Usncoak,Usnocetraria oakesiana
Intermediate,S,East,forage,Ramwil,Ramalina willeyi
Intermediate,S,East,large matrix,Parmxan,Parmotrema xanthinum
Intermediate,S,East,large matrix,Parmaus,Parmotrema austrosinense
Intermediate,S,East,small matrix,Hypeadg,Hyperphyscia adglutinata
Intermediate,S,East,large matrix,Canpcry,Canoparmelia cryptochlorophaea
Intermediate,S,East,large matrix,Hyptoss,Hypotrachyna osseoalba
Intermediate,S,East,large matrix,Parmpra,Parmotrema praesorediosum
Intermediate,S,East,large matrix,Pamrlou,Parmotrema louisianae
Intermediate,S,East,large matrix,Parmtin,Parmotrema tinctorum
Intermediate,S,East,large matrix,Parmsubr,Parmotrema subrigidum
Intermediate,S,East,cyanolichen,Lepaus,Leptogium austroamericanum
Tolerant,S,East,large matrix,Parmram,Parmotrema rampoddense
Tolerant,S,East,large matrix,Hetalb,Heterodermia albicans
Tolerant,S,East,small matrix,Phycri,Physcia crispa
Tolerant,S,East,small matrix,Bulsco,Bulbothrix scortella
Tolerant,S,East,small matrix,Pyxsub,Pyxine subcinerea
Tolerant,S,East,large matrix,Canpcar,Canoparmelia caroliniana
Tolerant,S,East,large matrix,Parmsubm,Parmotrema submarginale
Tolerant,S,East,large matrix,Punred,Punctelia reddenda
Tolerant,S,East,large matrix,Parmperf,Parmotrema perforatum
Tolerant,S,East,small matrix,Meleful,Melanelixia fuliginosa
Tolerant,S,East,large matrix,Tucfen,Tuckermanella fendleri
Tolerant,S,East,large matrix,Parmult,Parmotrema ultralucens
Tolerant,S,East,large matrix,Parmsubi,Parmotrema subisidiosum
Tolerant,S,East,large matrix,Parmcet,Parmotrema cetratum
Tolerant,S,East,large matrix,Hypttay,Hypotrachyna
Tolerant,S,East,small matrix,Phyneo,Physcia neogaea
Tolerant,S,East,large matrix,Parmdil,Parmotrema dilatatum
Tolerant,S,East,forage,Usnstr,Usnea strigosa
Tolerant,S,East,large matrix,Parmsubt,Parmotrema subtinctorium
Tolerant,S,East,forage,Usnmir,Usnea mirabilis
Tolerant,S,East,large matrix,Hypthor,Hypotrachyna horrescens
Tolerant,S,East,large matrix,Parmgar,Parmotrema gardneri
Tolerant,S,East,large matrix,Parmret,Parmotrema reticulatum
Tolerant,S,East,forage,Usnmut,Usnea mutabilis
Tolerant,S,East,large matrix,Hetobs,Heterodermia obscurata
Tolerant,S,East,large matrix,Parmeur,Parmotrema eurysacum
Tolerant,S,East,small matrix,Phycent,Physconia enteroxantha
Tolerant,S,East,large matrix,Hethyp,Heterodermia hypoleuca
Tolerant,S,East,large matrix,Hetleu,Heterodermia leucomela
Tolerant,S,East,large matrix,Hyptmin,Hypotrachyna minarum
Tolerant,S,East,forage,Usnrub,Usnea rubicunda
Tolerant,S,East,forage,Usndas,Usnea dasaea
Tolerant,S,East,large matrix,Parsax,Parmelia saxatilis
Tolerant,S,East,large matrix,Parmhypo,Parmotrema hypoleucinum
Tolerant,S,East,large matrix,Hyptliv,Hypotrachyna livida
Tolerant,S,East,large matrix,Hetcas,Heterodermia casarettiana
Tolerant,S,East,large matrix,Parmperl,Parmotrema perlatum
Tolerant,S,East,large matrix,Tuccil,Tuckermannopsis ciliaris
Tolerant,S,East,large matrix,Vulvir,Vulpicida viridis
Tolerant,S,East,forage,Usnsubsc,Usnea subscabrosa
Tolerant,S,East,large matrix,Parmhypt,Parmotrema hypotropum
Tolerant,S,East,large matrix,Hetgra,Heterodermia granulifera
Tolerant,S,East,large matrix,Parmcrin,Parmotrema crinitum
Tolerant,S,East,small matrix,Phyiame,Physcia americana
Tolerant,S,East,large matrix,Punrud,Punctelia rudecta
Tolerant,S,East,large matrix,Parmmar,Parmotrema margaritatum
Tolerant,S,East,cyanolichen,Pseecla,Pseudevernia cladonia
Tolerant,S,East,large matrix,Hyptcro,Hypotrachyna croceopustulata
Tolerant,S,East,small matrix,Melohal,Melanohalea halei
Tolerant,S,East,small matrix,Myeobs,Myelochroa obsessa
Tolerant,S,East,small matrix,Pharub,Phaeophyscia rubropulchra
Tolerant,S,East,small matrix,Myeaur,Myelochroa aurulenta
Tolerant,S,East,small matrix,Crecro,Crespoa crozalsiana
Tolerant,S,East,large matrix,Hyptsho,Hypotrachyna showmanii
Tolerant,S,East,large matrix,Hetsqu,Heterodermia squamulosa
Tolerant,S,East,small matrix,Claoch,Cladonia ochrochlora
Tolerant,S,East,small matrix,Clamac,Cladonia macilenta var. bacillaris
Tolerant,S,East,small matrix,Pyxsor,Pyxine sorediata
Tolerant,S,East,large matrix,Punmis,Punctelia missouriensis
Tolerant,S,East,large matrix,Punper,Punctelia perreticulata
Tolerant,S,East,small matrix,Clacae,Cladonia caespiticia
Tolerant,S,East,large matrix,Punapp,Punctelia appalachensis
Tolerant,S,East,large matrix,Parmstu,Parmotrema stuppeum
Tolerant,S,East,large matrix,Hyptspu,Hypotrachyna spumosa
Tolerant,S,East,small matrix,Clacyl,Cladonia cylindrica
Tolerant,S,East,large matrix,Flaacap,Flavoparmelia caperata
Tolerant,S,East,large matrix,Hyptpus,Hypotrachyna pustulifera
Tolerant,S,East,small matrix,Phaadi,Phaeophyscia adiastola
Tolerant,S,East,small matrix,Phymil,Physcia millegrana
Sensitive,S,West,large matrix,Ahtpal,Ahtiana pallidula
Sensitive,S,West,large matrix,Ahtsph,Ahtiana sphaerosporella
Sensitive,S,West,forage,Aleims,Alectoria imshaugii
Sensitive,S,West,forage,Alesar,Alectoria sarmentosa
Sensitive,S,West,small matrix,Anaelb,Anaptychia elbursiana
Sensitive,S,West,forage,Bryfre,Bryoria fremontii
Sensitive,S,West,forage,Bryfur,Bryoria furcellata
Sensitive,S,West,forage,Bryfus,Bryoria fuscescens
Sensitive,S,West,forage,Brypsef,Bryoria pseudofuscescens
Sensitive,S,West,forage,Brysim,Bryoria simplicior
Sensitive,S,West,cyanolichen,Colcur,Collema curtisporum
Sensitive,S,West,large matrix,Essida,Esslingeriana idahoensis
Sensitive,S,West,large matrix,Hypims,Hypogymnia imshaugii
Sensitive,S,West,large matrix,Hypocc,Hypogymnia occidentalis
Sensitive,S,West,small matrix,Kaemer,Kaernefeltia merrillii
Sensitive,S,West,large matrix,Letcol,Letharia columbiana
Sensitive,S,West,large matrix,Letvul,Letharia vulpina
Sensitive,S,West,small matrix,Meloele,Melanohalea elegantula
Sensitive,S,West,small matrix,Meloexau,Melanohalea exasperatula
Sensitive,S,West,small matrix,Meloinf,Melanohalea infumata
Sensitive,S,West,small matrix,Melosube,Melanohalea subelegantula
Sensitive,S,West,small matrix,Melosubo,Melanohalea subolivacea
Sensitive,S,West,small matrix,Monpan,Montanelia panniformis
Sensitive,S,West,small matrix,Monsor,Montanelia sorediata
Sensitive,S,West,forage,Nodabb,Nodobryoria abbreviata
Sensitive,S,West,forage,Nodore,Nodobryoria oregana
Sensitive,S,West,small matrix,Parpamb,Parmeliopsis ambigua
Sensitive,S,West,small matrix,Parphyp,Parmeliopsis hyperopta
Sensitive,S,West,small matrix,Phytri,Physcia tribacia
Sensitive,S,West,small matrix,Phycdis,Physconia distorta
Sensitive,S,West,small matrix,Polmus,Polychidium muscicola
Sensitive,S,West,large matrix,Tucpla,Tuckermannopsis platyphylla
Sensitive,S,West,large matrix,Vulcan,Vulpicida canadensis
Sensitive,S,West,large matrix,Hypwil,Hypogymnia wilfiana
Sensitive,S,West,small matrix,Hypeadg,Hyperphyscia adglutinata
Sensitive,S,West,large matrix,Placarb,Placidium arboreum
Sensitive,S,West,small matrix,Phakai,Phaeophyscia kairamoi
Sensitive,S,West,small matrix,Clacarn,Cladonia carneola
Sensitive,S,West,cyanolichen,Colsubf,Collema subflaccidum
Sensitive,S,West,small matrix,Phycmus,Physconia muscigena
Sensitive,S,West,small matrix,Phycae,Physcia caesia
Sensitive,S,West,small matrix,Cladef,Cladonia deformis
Sensitive,S,West,cyanolichen,Anoant,Anomalobaria anthraspis
Sensitive,S,West,small matrix,Melosep,Melanohalea septentrionalis
Sensitive,S,West,large matrix,Evemes,Evernia mesomorpha
Sensitive,S,West,forage,Bryspi,Bryoria spiralifera
Sensitive,S,West,large matrix,Tucsep,Tuckermannopsis sepincola
Sensitive,S,West,small matrix,Phylnep,Physciella nepalensis
Sensitive,S,West,small matrix,Claalb,Cladonia albonigra
Sensitive,S,West,cyanolichen,Psecmal,Pseudocyphellaria mallota
Sensitive,S,West,forage,Brynad,Bryoria nadvornikiana
Sensitive,S,West,small matrix,Enccon,Enchylium conglomeratum
Sensitive,S,West,small matrix,Xansor,Rusavskia sorediata
Sensitive,S,West,small matrix,Phasci,Phaeophyscia sciastra
Sensitive,S,West,forage,Brcpse,Bryocaulon pseudosatoanum
Sensitive,S,West,forage,Brycer,Bryoria cervinula
Sensitive,S,West,forage,Bryten,Bryoria tenuis
Sensitive,S,West,small matrix,Cladec,Cladonia decorticata
Sensitive,S,West,small matrix,Clastr,Cladonia straminea
Sensitive,S,West,cyanolichen,Denwri,Dendriscosticta wrightii
Sensitive,S,West,cyanolichen,Fuslac,Fuscopannaria laceratula
Sensitive,S,West,cyanolichen,Lobamp,Lobaria amplissima
Sensitive,S,West,cyanolichen,Lobret,Lobaria retigera
Sensitive,S,West,small matrix,Melolia,Melanohalea olivacea
Sensitive,S,West,large matrix,Parlpar,Parmeliella parvula
Sensitive,S,West,forage,Usnpar,Usnea parvula
Sensitive,S,West,small matrix,Claple,Cladonia pleurota
Sensitive,S,West,small matrix,Phylchl,Physciella chloantha
Sensitive,S,West,small matrix,Latfus,Lathagrium fuscovirens
Sensitive,S,West,hv matrix,Bunmel,Bunodophoron melanocarpum
Sensitive,S,West,small matrix,Propez,Protopannaria pezizoides
Sensitive,S,West,small matrix,Phydub,Physcia dubia
Sensitive,S,West,cyanolichen,Nephel,Nephroma helveticum
Sensitive,S,West,cyanolichen,Nephel,Nephroma helveticum subsp. sipeanum
Sensitive,S,West,small matrix,Clacoc,Cladonia coccifera
Sensitive,S,West,small matrix,Phahirt,Phaeophyscia hirtella
Sensitive,S,West,large matrix,Vulpin,Vulpicida pinastri
Sensitive,S,West,cyanolichen,Psecrai,Pseudocyphellaria rainierensis
Sensitive,S,West,cyanolichen,Lepdcon,Leptogidium contortum
Sensitive,S,West,forage,Ramthr,Ramalina thrausta
Sensitive,S,West,small matrix,Phybiz,Physcia biziana
Sensitive,S,West,cyanolichen,Stibea,Sticta beauvoisii
Sensitive,S,West,cyanolichen,Erisor,Erioderma sorediatum
Sensitive,S,West,small matrix,Phadec,Phaeophyscia decolor
Sensitive,S,West,small matrix,Clacari,Cladonia cariosa
Sensitive,S,West,small matrix,Phahirs,Phaeophyscia hirsuta
Sensitive,S,West,cyanolichen,Anoano,Anomalobaria anomala
Sensitive,S,West,small matrix,Clabel,Cladonia bellidiflora
Sensitive,S,West,large matrix,Plalac,Platismatia lacunosa
Sensitive,S,West,small matrix,Phanig,Phaeophyscia nigricans
Sensitive,S,West,large matrix,Tucfen,Tuckermanella fendleri
Sensitive,S,West,cyanolichen,Neplae,Nephroma laevigatum
Sensitive,S,West,small matrix,Clamul,Cladonia multiformis
Sensitive,S,West,cyanolichen,Leisor,Leioderma sorediatum
Sensitive,S,West,cyanolichen,Scycel,Scytinium cellulosum
Sensitive,S,West,large matrix,Hypdup,Hypogymnia duplicata
Sensitive,S,West,forage,Usnrub,Usnea rubicunda
Sensitive,S,West,large matrix,Parmcrin,Parmotrema crinitum
Sensitive,S,West,small matrix,Clamac,Cladonia macilenta var. bacillaris
Sensitive,S,West,cyanolichen,Fuspra,Fuscopannaria praetermissa
Sensitive,S,West,forage,Usnsubg,Usnea subgracilis
Sensitive,S,West,cyanolichen,Lepbre,Leptogium brebissonii
Sensitive,S,West,large matrix,Hetrug,Heterodermia rugulosa
Sensitive,S,West,small matrix,Clanor,Cladonia norvegica
Sensitive,S,West,forage,Usnlap,Usnea lapponica
Sensitive,S,West,forage,Alevan,Alectoria vancouverensis
Sensitive,S,West,large matrix,Parmret,Parmotrema reticulatum
Sensitive,S,West,large matrix,Hypfar,Hypogymnia farinacea
Sensitive,S,West,forage,Usnhir,Usnea hirta
Sensitive,S,West,large matrix,Pungra,Punctelia graminicola
Sensitive,S,West,cyanolichen,Nepres,Nephroma resupinatum
Sensitive,S,West,cyanolichen,Lobore,Lobaria oregana
Sensitive,S,West,cyanolichen,Vahleu,Vahliella leucophaea
Sensitive,S,West,large matrix,Hyphet,Hypogymnia heterophylla
Sensitive,S,West,large matrix,Tuccor,Tuckermanella coralligera
Sensitive,S,West,large matrix,Flausorc,Flavopunctelia soredica
Sensitive,S,West,small matrix,Phaend,Phaeophyscia endococcina
Sensitive,S,West,large matrix,Flaupra,Flavopunctelia praesignis
Sensitive,S,West,cyanolichen,Lepmil,Leptogium milligranum
Sensitive,S,West,small matrix,Phahis,Phaeophyscia hispidula
Sensitive,S,West,large matrix,Flaudar,Flavopunctelia darrowi
Sensitive,S,West,cyanolichen,Pseeint,Pseudevernia intensa
Sensitive,S,West,small matrix,Clapyx,Cladonia pyxidata
Sensitive,S,West,small matrix,Phycele,Physconia elegantula
Sensitive,S,West,forage,Usncav,Usnea cavernosa
Sensitive,S,West,large matrix,Punhyp,Punctelia hypoleucites
Sensitive,S,West,forage,Alelat,Alectoria lata
Sensitive,S,West,cyanolichen,Lepdent,Leptogium denticulatum
Sensitive,S,West,cyanolichen,Lepars,Leptogium arsenei
Sensitive,S,West,large matrix,Parnque,Parmelina coleae
Sensitive,S,West,large matrix,Hyptpul,Hypotrachyna pulvinata
Sensitive,S,West,forage,Ramsin,Ramalina sinensis
Sensitive,S,West,large matrix,Imspla,Imshaugia placorodia
Sensitive,S,West,large matrix,Evediv,Evernia divaricata
Sensitive,S,West,cyanolichen,Pantav,Pannaria tavaresii
Sensitive,S,West,cyanolichen,Lepfur,Leptogium pseudofurfuraceum
Sensitive,S,West,small matrix,Clasul,Cladonia sulphurina
Sensitive,S,West,forage,Brysub,Bryoria subcana
Sensitive,S,West,small matrix,Phycgri,Physconia grisea
Sensitive,S,West,large matrix,Tucsub,Tuckermannopsis subalpina
Sensitive,S,West,small matrix,Clagray,Cladonia grayi
Sensitive,S,West,large matrix,Tucweb,Tuckermanella weberi
Sensitive,S,West,forage,Usnfra,Usnea fragilescens
Sensitive,S,West,forage,Usnari,Usnea intermedia
Sensitive,S,West,large matrix,Sphglo,Sphaerophorus globosus
Sensitive,S,West,large matrix,Hypbit,Hypogymnia bitteri
Sensitive,S,West,small matrix,Clawai,Cladonia wainioi
Sensitive,S,West,large matrix,Plaher,Platismatia herrei
Sensitive,S,West,large matrix,Plaste,Platismatia stenophylla
Sensitive,S,West,cyanolichen,Scypal,Scytinium palmatum
Sensitive,S,West,cyanolichen,Lepcya,Leptogium cyanescens
Sensitive,S,West,forage,Usnfil,Usnea filipendula
Sensitive,S,West,forage,Ramdil,Ramalina dilacerata
Sensitive,S,West,cyanolichen,Lepsat,Leptogium saturninum
Sensitive,S,West,large matrix,Hypent,Hypogymnia enteromorpha
Sensitive,S,West,forage,Brypsec,Bryoria pseudocapillaris
Sensitive,S,West,forage,Usnpac,Usnea pacificana
Sensitive,S,West,forage,Usnsca,Usnea scabrata
Sensitive,S,West,forage,Usnlon,Usnea longissima
Sensitive,S,West,small matrix,Clasqu,Cladonia squamosa
Sensitive,S,West,cyanolichen,Scygel,Scytinium gelatinosum
Sensitive,S,West,small matrix,Claver,Cladonia verruculosa
Sensitive,S,West,cyanolichen,Stilim,Sticta limbata
Sensitive,S,West,large matrix,Hypina,Hypogymnia inactiva
Sensitive,S,West,small matrix,Mensub,Menegazzia subsimilis
Sensitive,S,West,cyanolichen,Stiful,Sticta fuliginosa
Intermediate,S,West,cyanolichen,Pelcol,Peltigera collina
Intermediate,S,West,small matrix,Phylmel,Physciella melanchra
Intermediate,S,West,large matrix,Parmperl,Parmotrema perlatum
Intermediate,S,West,large matrix,Hyptsin,Hypotrachyna sinuosa
Intermediate,S,West,small matrix,Phyaip,Physcia aipolia
Intermediate,S,West,small matrix,Xanpar,Xanthoria parietina
Intermediate,S,West,large matrix,Tucorb,Tuckermannopsis orbata
Intermediate,S,West,large matrix,Parmarn,Parmotrema arnoldii
Intermediate,S,West,large matrix,Parsax,Parmelia saxatilis
Intermediate,S,West,forage,Usnsubst,Usnea substerilis
Intermediate,S,West,cyanolichen,Colfur,Collema furfuraceum
Intermediate,S,West,large matrix,Punper,Punctelia perreticulata
Intermediate,S,West,forage,Usnsubfl,Usnea subfloridana
Intermediate,S,West,small matrix,Melesubu,Melanelixia subaurifera
Intermediate,S,West,forage,Usnwir,Usnea flavocardia
Intermediate,S,West,forage,Ramroe,Ramalina roesleri
Intermediate,S,West,large matrix,Hypapi,Hypogymnia apinnata
Intermediate,S,West,small matrix,Phycame,Physconia americana
Intermediate,S,West,forage,Rammen,Ramalina menziesii
Intermediate,S,West,small matrix,Cavhul,Cavernularia hultenii
Intermediate,S,West,small matrix,Phacil,Phaeophyscia ciliata
Intermediate,S,West,small matrix,Montom,Montanelia tominii
Intermediate,S,West,cyanolichen,Scylic,Scytinium lichenoides
Intermediate,S,West,small matrix,Phycper,Physconia perisidiosa
Intermediate,S,West,small matrix,Phaorb,Phaeophyscia orbicularis
Intermediate,S,West,cyanolichen,Pseccro,Pseudocyphellaria crocata
Intermediate,S,West,small matrix,Meloexaa,Melanohalea exasperata
Intermediate,S,West,small matrix,Phycent,Physconia enteroxantha
Intermediate,S,West,large matrix,Flaacap,Flavoparmelia caperata
Intermediate,S,West,small matrix,Clacor,Cladonia cornuta
Intermediate,S,West,cyanolichen,Lepcaalb,Leptochidium albociliatum
Intermediate,S,West,cyanolichen,Fusmed,Fuscopannaria mediterranea
Intermediate,S,West,large matrix,Niecep,Niebla cephalota
Intermediate,S,West,large matrix,Hetleu,Heterodermia leucomela
Intermediate,S,West,small matrix,Mondis,Montanelia disjuncta
Intermediate,S,West,cyanolichen,Fuspac,Fuscopannaria pacifica
Intermediate,S,West,cyanolichen,Denint,Dendriscocaulon intricatulum
Intermediate,S,West,cyanolichen,Nepocc,Nephroma occultum
Intermediate,S,West,cyanolichen,Lepburn,Leptogium burnetiae
Intermediate,S,West,cyanolichen,Fusleuo,Fuscopannaria leucostictoides
Intermediate,S,West,large matrix,Parltri,Parmeliella triptophylla
Intermediate,S,West,cyanolichen,Lobhal,Lobaria hallii
Intermediate,S,West,forage,Ramobt,Ramalina obtusata
Intermediate,S,West,cyanolichen,Nepisi,Nephroma isidiosum
Intermediate,S,West,small matrix,Clasca,Cladonia scabriuscula
Intermediate,S,West,cyanolichen,Fusahl,Fuscopannaria ahlneri
Intermediate,S,West,forage,Bryimp,Bryoria implexa
Intermediate,S,West,forage,Usnglae,Usnea glabrescens
Intermediate,S,West,cyanolichen,Colnig,Collema nigrescens
Intermediate,S,West,small matrix,Clatra,Cladonia transcendens
Intermediate,S,West,large matrix,Parsqu,Parmelia squarrosa
Intermediate,S,West,forage,Rampoll,Ramalina pollinaria
Intermediate,S,West,forage,Usnglaa,Usnea glabrata
Intermediate,S,West,large matrix,Telchr,Teloschistes chrysophthalmus
Intermediate,S,West,large matrix,Flaufla,Flavopunctelia flaventior
Intermediate,S,West,small matrix,Clachl,Cladonia chlorophaea
Intermediate,S,West,small matrix,Kaecal,Kaernefeltia californica
Intermediate,S,West,forage,Ramlep,Ramalina leptocarpha
Intermediate,S,West,small matrix,Polten,Polycauliona tenax
Intermediate,S,West,forage,Usnwas,Usnea wasmuthii
Tolerant,S,West,cyanolichen,Neppar,Nephroma parile
Tolerant,S,West,forage,Brylan,Bryoria lanestris
Tolerant,S,West,lv matrix,Candcon,Candelaria concolor
Tolerant,S,West,large matrix,Cetcet,Cetrelia cetrarioides
Tolerant,S,West,small matrix,Clacen,Cladonia cenotea
Tolerant,S,West,small matrix,Clafim,Cladonia fimbriata
Tolerant,S,West,small matrix,Claoch,Cladonia ochrochlora
Tolerant,S,West,small matrix,Claumb,Cladonia umbricola
Tolerant,S,West,large matrix,Evepru,Evernia prunastri
Tolerant,S,West,large matrix,Hetspe,Heterodermia speciosa
Tolerant,S,West,large matrix,Hypphy,Hypogymnia physodes
Tolerant,S,West,large matrix,Hyptub,Hypogymnia tubulosa
Tolerant,S,West,large matrix,Hyptrev,Hypotrachyna revoluta
Tolerant,S,West,large matrix,Imsale,Imshaugia aleurites
Tolerant,S,West,cyanolichen,Lobscr,Lobaria scrobiculata
Tolerant,S,West,small matrix,Loxcor,Loxosporopsis corallifera
Tolerant,S,West,small matrix,Meleful,Melanelixia fuliginosa
Tolerant,S,West,small matrix,Meleglaa,Melanelixia glabra
Tolerant,S,West,small matrix,Melesubr,Melanelixia subargentifera
Tolerant,S,West,cyanolichen,Nepbul,Nephroma bellum
Tolerant,S,West,large matrix,Parhyg,Parmelia hygrophila
Tolerant,S,West,large matrix,Parsul,Parmelia sulcata
Tolerant,S,West,small matrix,Phyads,Physcia adscendens
Tolerant,S,West,small matrix,Physte,Physcia stellaris
Tolerant,S,West,small matrix,Phyten,Physcia tenella
Tolerant,S,West,small matrix,Phycfal,Physconia fallax
Tolerant,S,West,large matrix,Plagla,Platismatia glauca
Tolerant,S,West,large matrix,Planor,Platismatia norvegica
Tolerant,S,West,small matrix,Polcan,Polycauliona candelaria
Tolerant,S,West,small matrix,Polpol,Polycauliona polycarpa
Tolerant,S,West,forage,Ramfar,Ramalina farinacea
Tolerant,S,West,forage,Ramsub,Ramalina subleptocarpha
Tolerant,S,West,cyanolichen,Scypol,Scytinium polycarpum
Tolerant,S,West,large matrix,Tucchl,Tuckermannopsis chlorophylla
Tolerant,S,West,forage,Usncor,Usnea cornuta
Tolerant,S,West,forage,Usnsil,Usnea silesiaca
