Code,Fxl Gp,Scientific Name,Area,Poll,occ,10-,50-,80-,Max,Sensitivity,80+,50+,10+,
Ahtaur,Mtx m-l,Ahtiana aurescens,East,N,60,,,,4.2,oligotroph,4.8,5.8,13.9,
Ahtpal,Mtx m-l,Ahtiana pallidula,West,N,272,,1.2,1.7,2.36,oligotroph,3.2,3.9,5.4,
Ahtpal,Mtx m-l,Ahtiana pallidula,West,S,272,,,,0.38,sensitive,0.8,1.3,2.2,
Ahtsph,Mtx m-l,Ahtiana sphaerosporella,West,N,195,,,1.1,1.84,oligotroph,2.8,3.6,6.5,
Ahtsph,Mtx m-l,Ahtiana sphaerosporella,West,S,195,,,,0.38,sensitive,0.7,1,1.9,
Aleims,For p,Alectoria imshaugii,West,N,978,,0.9,1.3,2.04,oligotroph,2.9,3.5,4.9,
Aleims,For p,Alectoria imshaugii,West,S,979,,,,0.38,sensitive,0.7,1.1,2,
Alelat,For p,Alectoria lata,West,N,12,0.8,2,7.3,9.09,eutroph,11,11.6,12.3,
Alelat,For p,Alectoria lata,West,S,12,,0.6,1.1,1.82,sensitive,2.5,3,8.8,
Alesar,For p,Alectoria sarmentosa,West,N,2447,,,,0.75,oligotroph,2.9,4.2,11.1,
Alesar,For p,Alectoria sarmentosa,West,S,2445,,,,0.38,sensitive,1.2,2.4,6,
Alevan,For p,Alectoria vancouverensis,West,N,84,1,1.6,2.2,2.84,oligotroph,3.6,4.4,8.1,
Alevan,For p,Alectoria vancouverensis,West,S,84,,0.4,0.8,1.64,sensitive,2.6,3.2,4,
Anapal,Mtx s,Anaptychia palmulata,East,S,82,,10.7,12,13.79,tolerant,16,24.4,30.8,
Anoano,Cya l,Anomalobaria anomala,West,N,549,,,,0.75,oligotroph,7.2,8.2,10.2,
Anoano,Cya l,Anomalobaria anomala,West,S,548,,,0.8,1.52,sensitive,5.8,7.1,8.5,
Anoant,Cya l,Anomalobaria anthraspis,West,N,425,,1.2,1.9,2.86,oligotroph,4.2,5.2,9,
Anoant,Cya l,Anomalobaria anthraspis,West,S,424,,,0.4,1.13,sensitive,1.8,2.4,4.2,
Brcpse,For p,Bryocaulon pseudosatoanum,West,N,49,,,,0.75,oligotroph,1,1.3,2.1,
Brcpse,For p,Bryocaulon pseudosatoanum,West,S,50,,0.4,0.6,1.26,sensitive,2,2.3,3,
Brybic,For p,Bryoria bicolor,West,N,146,,,,0.75,oligotroph,1,1.3,2.1,
Brybic,For p,Bryoria bicolor,West,S,147,,0.7,3.9,5.2,intermediate,6.6,7.6,8.7,
Brycap,For p,Bryoria capillaris,East,N,16,,,,4.2,oligotroph,4.7,5.6,7.3,
Brycap,For p,Bryoria capillaris,West,N,1177,,,1.5,2.65,oligotroph,3.9,7.8,11.1,
Brycap,For p,Bryoria capillaris,East,S,16,,,,2.71,sensitive,4.7,5.8,17.5,
Brycar,For p,Bryoria carlottae,West,N,38,,,,0.75,oligotroph,1,1.3,2,
Brycar,For p,Bryoria carlottae,West,S,39,,3.3,4,5.28,intermediate,6.7,7.6,8.7,
Brycer,For p,Bryoria cervinula,West,N,42,,,,0.75,oligotroph,1,1.3,2,
Brycer,For p,Bryoria cervinula,West,S,41,,0.4,0.8,1.26,sensitive,1.8,2.5,8.8,
Bryfre,For p,Bryoria fremontii,West,N,1095,,,1.1,1.76,oligotroph,2.5,3.2,4.6,
Bryfre,For p,Bryoria fremontii,West,S,1095,,,,0.38,sensitive,0.6,1,1.8,
Bryfri,For p,Bryoria friabilis,West,N,333,0.8,1.9,2.5,3.37,oligotroph,4.6,6.1,9,
Bryfri,For p,Bryoria friabilis,West,S,332,,,0.6,1.37,sensitive,8.8,7.5,,
Bryfur,For p,Bryoria furcellata,East,N,178,,,,4.2,oligotroph,5,6.2,9,
Bryfur,For p,Bryoria furcellata,West,N,30,0.8,1.3,1.7,2.37,oligotroph,3.2,3.8,8.8,
Bryfur,For p,Bryoria furcellata,East,S,178,,,,4.28,intermediate,5.9,7.1,9.9,
Bryfur,For p,Bryoria furcellata,West,S,30,,,,0.38,sensitive,2,2.6,8.8,
Bryfus,For p,Bryoria fuscescens,East,N,35,,,,4.2,oligotroph,4.8,5.7,7.8,
Bryfus,For p,Bryoria fuscescens,West,N,1483,,0.8,1.4,2.46,oligotroph,3.6,4.8,7.1,
Bryfus,For p,Bryoria fuscescens,East,S,35,,,,4.13,sensitive,5.7,6.9,9.4,
Bryfus,For p,Bryoria fuscescens,West,S,1485,,,,0.38,sensitive,0.9,1.6,,
Brygla,For p,Bryoria glabra,West,N,598,,,,0.75,oligotroph,1.6,4.1,7,
Bryimp,For p,Bryoria implexa,West,N,12,,,,0.75,oligotroph,1.5,2.1,7.3,
Bryimp,For p,Bryoria implexa,West,S,12,0.4,3.3,4,5.29,intermediate,6.8,7.7,8.7,
Brylan,For p,Bryoria lanestris,West,N,97,,,,0.75,oligotroph,2.6,3.7,5.2,
Brynad,For p,Bryoria nadvornikiana,East,N,38,,,,4.2,oligotroph,4.7,5.5,7.3,
Brynad,For p,Bryoria nadvornikiana,West,N,36,,0.8,1.8,2.82,oligotroph,3.9,6.5,7.9,
Brynad,For p,Bryoria nadvornikiana,East,S,38,,,,3.81,sensitive,5.2,6.3,8.3,
Brynad,For p,Bryoria nadvornikiana,West,S,36,,,0.4,1.23,sensitive,2.3,2.6,3.5,
Brypsec,For p,Bryoria pseudocapillaris,West,N,32,,1,1.5,2.34,oligotroph,3.6,4.3,5.6,
Brypsec,For p,Bryoria pseudocapillaris,West,S,32,,0.6,1,2.41,sensitive,3.4,3.9,4.6,
Brypsef,For p,Bryoria pseudofuscescens,West,N,862,,,1.1,1.84,oligotroph,2.7,3.4,9.6,
Brypsef,For p,Bryoria pseudofuscescens,West,S,862,,,,0.38,sensitive,0.7,1.1,7.5,
Brysim,For p,Bryoria simplicior,West,N,196,,,,1.47,oligotroph,2.2,2.7,3.9,
Brysim,For p,Bryoria simplicior,West,S,195,,,,0.38,sensitive,0.6,0.9,5.7,
Bryspi,For p,Bryoria spiralifera,West,N,17,0.8,1.1,1.7,2.28,oligotroph,2.9,4,12.3,
Bryspi,For p,Bryoria spiralifera,West,S,17,,,0.4,1.14,sensitive,1.9,2.7,8.8,
Brysub,For p,Bryoria subcana,West,N,16,,0.8,2.9,4,oligotroph,5.8,6.4,12.3,
Brysub,For p,Bryoria subcana,West,S,16,0.4,0.7,1.2,1.97,sensitive,2.7,3.5,8.8,
Bryten,For p,Bryoria tenuis,West,N,103,,,,0.75,oligotroph,1,1.3,2,
Bryten,For p,Bryoria tenuis,West,S,104,,0.4,0.7,1.26,sensitive,1.8,2.2,3.1,
Brytri,For p,Bryoria trichodes,East,N,49,,,,4.2,oligotroph,4.9,6,8.1,
Brytri,For p,Bryoria trichodes,West,N,468,,,,0.75,oligotroph,1,1.4,2.7,
Brytri,For p,Bryoria trichodes,East,S,49,,,,3.62,sensitive,5.3,6.4,8.5,
Brytri,For p,Bryoria trichodes,West,S,471,,4.2,6.8,8.75,tolerant,,,,
Bulsco,Mtx s,Bulbothrix scortella,East,N,60,5.9,7.5,8.5,9.65,eutroph,10.9,11.9,13.6,
Bulsco,Mtx s,Bulbothrix scortella,East,S,60,4.1,5.9,7,8.6,tolerant,10.3,11.6,14,
Bunmel,For sh,Bunodophoron melanocarpum,West,N,25,,,,0.75,oligotroph,1,1.3,2.1,
Bunmel,For sh,Bunodophoron melanocarpum,West,S,26,,0.5,0.8,1.33,sensitive,1.9,2.4,8.8,
Candcon,Mtx s,Candelaria concolor,East,N,454,,5.1,6.1,7.68,mesotroph,16.9,,,
Candcon,Mtx s,Candelaria concolor,West,N,868,,8.6,11,12.25,eutroph,,,,
Candcon,Mtx s,Candelaria concolor,East,S,454,,,,2.71,sensitive,4.2,19.3,,
Candcon,Mtx s,Candelaria concolor,West,S,868,,3.6,6.8,8.75,tolerant,,,,
Candfib,Mtx s,Candelaria fibrosa,East,N,26,,4.2,5.6,6.87,mesotroph,8,9.1,11.3,
Candfib,Mtx s,Candelaria fibrosa,East,S,26,,,,2.71,sensitive,3.2,4,5.6,
Canpcar,Mtx m-l,Canoparmelia caroliniana,East,N,234,6,7.7,8.6,9.96,eutroph,11.6,13.1,,
Canpcar,Mtx m-l,Canoparmelia caroliniana,East,S,234,4.1,5.8,7.1,9.27,tolerant,11.5,13.7,18.5,
Canpcry,Mtx m-l,Canoparmelia cryptochlorophaea,East,N,16,5.7,7.3,8.1,9.29,eutroph,10.8,11.8,15.2,
Canpcry,Mtx m-l,Canoparmelia cryptochlorophaea,East,S,16,3.6,5,6,7.4,intermediate,9,10.3,17.3,
Canptex,Mtx m-l,Canoparmelia texana,East,N,29,6.7,15.4,16.5,17.13,eutroph,,,,
Cavhul,Mtx s,Cavernularia hultenii,West,N,615,,,,0.75,oligotroph,1,1.4,11.4,
Cavhul,Mtx s,Cavernularia hultenii,West,S,617,,0.9,1.6,4.85,intermediate,8,,,
Cavlop,Mtx s,Cavernularia lophyrea,West,N,265,,,,0.75,oligotroph,1.1,1.6,5.6,
Cetcet,Mtx m-l,Cetrelia cetrarioides,West,N,127,1.7,6.9,7.9,9.25,eutroph,10.8,12,,
Cetcet,Mtx m-l,Cetrelia cetrarioides,West,S,127,0.6,1.6,7.8,8.75,tolerant,,,,
Cetchi,Mtx m-l,Cetrelia chicitae,East,N,36,,,,4.2,oligotroph,5.4,6.7,13.8,
Cetchi,Mtx m-l,Cetrelia chicitae,East,S,36,,,,2.71,sensitive,3.7,5,23.9,
Cetoli,Mtx m-l,Cetrelia olivetorum,East,N,88,,,,4.2,oligotroph,4.9,6,12.5,
Cetoli,Mtx m-l,Cetrelia olivetorum,East,S,88,,,,2.71,sensitive,3.9,5.3,29.5,
Claalb,Mtx s,Cladonia albonigra,West,N,39,,,,0.75,oligotroph,1,1.4,2.2,
Claalb,Mtx s,Cladonia albonigra,West,S,37,,0.4,0.5,1.22,sensitive,2,2.4,8.8,
Clabel,Mtx s,Cladonia bellidiflora,West,N,215,,,,0.75,oligotroph,1,1.3,9.6,
Clabel,Mtx s,Cladonia bellidiflora,West,S,218,,0.6,1,1.55,sensitive,2.4,3.3,7.2,
Clacae,Mtx s,Cladonia caespiticia,East,N,101,,9.7,11.1,12.85,eutroph,14.6,16.3,,
Clacae,Mtx s,Cladonia caespiticia,East,S,101,4.4,16.6,19.6,21.83,tolerant,25.2,28.2,,
Clacari,Mtx s,Cladonia cariosa,West,N,62,,3.4,4.4,5.45,mesotroph,6.5,7.4,8.6,
Clacari,Mtx s,Cladonia cariosa,West,S,62,,,0.4,1.45,sensitive,2.4,2.9,3.9,
Clacarn,Mtx s,Cladonia carneola,West,N,164,,,,0.75,oligotroph,1.2,2.3,11.4,
Clacen,Mtx s,Cladonia cenotea,East,N,13,,,,4.2,oligotroph,5.8,6.9,9,
Clacen,Mtx s,Cladonia cenotea,West,N,29,,,,0.75,oligotroph,1,1.4,5.5,
Clacen,Mtx s,Cladonia cenotea,East,S,13,,,,2.71,sensitive,3.3,4.2,6.1,
Clacen,Mtx s,Cladonia cenotea,West,S,29,2.6,5,7.2,8.75,tolerant,,,,
Clachl,Mtx s,Cladonia chlorophaea,East,N,200,,,,4.2,oligotroph,5.7,7.8,16.5,
Clachl,Mtx s,Cladonia chlorophaea,East,S,200,,,,3.27,sensitive,6.1,8.6,,
Clacoc,Mtx s,Cladonia coccifera,West,N,18,,,,0.75,oligotroph,1,1.3,2,
Clacoc,Mtx s,Cladonia coccifera,West,S,20,,0.4,0.6,1.43,sensitive,2.4,3.1,8.8,
Clacor,Mtx s,Cladonia cornuta,West,N,184,,,,0.75,oligotroph,1,1.4,2.3,
Clacor,Mtx s,Cladonia cornuta,West,S,186,,0.9,3.9,5.16,intermediate,6.7,7.6,8.6,
Clacrit,Mtx s,Cladonia cristatella,East,N,79,,,,4.2,oligotroph,4.9,6,,
Clacrit,Mtx s,Cladonia cristatella,East,S,79,,,,2.71,sensitive,5.1,11.6,30.6,
Clacyl,Mtx s,Cladonia cylindrica,East,N,68,,9.1,11.3,13.48,eutroph,15.4,16.6,,
Clacyl,Mtx s,Cladonia cylindrica,East,S,68,7.1,19,20.8,32.16,tolerant,,,,
Cladec,Mtx s,Cladonia decorticata,West,N,24,,,,0.75,oligotroph,1,1.3,2.1,
Cladec,Mtx s,Cladonia decorticata,West,S,23,,0.4,0.5,1.26,sensitive,2,2.7,8.8,
Cladef,Mtx s,Cladonia deformis,West,N,35,,,,0.75,oligotroph,1,1.4,5.5,
Cladef,Mtx s,Cladonia deformis,West,S,36,,,0.4,1.16,sensitive,1.9,2.6,8.8,
Cladid,Mtx s,Cladonia didyma,East,N,17,7.1,8.7,9.7,11.13,eutroph,12.7,14,16.2,
Cladid,Mtx s,Cladonia didyma,East,S,17,3.6,10.1,11.8,13.59,tolerant,15.5,16.7,19.5,
Clafim,Mtx s,Cladonia fimbriata,West,S,470,,4.5,7,8.75,tolerant,,,,
Claflo,Mtx s,Cladonia floerkeana,East,N,9,8.9,10.5,11.7,13.4,eutroph,15.2,16.2,17.1,
Clagray,Mtx s,Cladonia grayi,East,N,30,,,,4.2,oligotroph,5.1,7,14.5,
Clagray,Mtx s,Cladonia grayi,West,N,10,,,,0.75,oligotroph,1,1.4,8.8,
Clamac,Mtx s,Cladonia macilenta var. bacillaris,East,N,166,,4.7,11.5,13.13,eutroph,15,16.6,,
Clamac,Mtx s,Cladonia macilenta var. bacillaris,West,N,9,0.8,1.4,2.6,4.26,mesotroph,5.4,6.2,12.3,
Clamac,Mtx s,Cladonia macilenta var. bacillaris,East,S,166,,15.5,19.2,24.04,tolerant,26.9,,,
Clamac,Mtx s,Cladonia macilenta var. bacillaris,West,S,9,,0.4,0.4,1.48,sensitive,2.9,2.9,8.8,
Clamul,Mtx s,Cladonia multiformis,West,N,23,,2.7,6.1,7.16,mesotroph,8.7,10,11.9,
Clamul,Mtx s,Cladonia multiformis,West,S,22,,0.4,0.5,1.58,sensitive,2.6,3,8.8,
Clanor,Mtx s,Cladonia norvegica,West,N,33,0.8,2,2.8,4.34,mesotroph,6.3,7.1,8.5,
Clanor,Mtx s,Cladonia norvegica,West,S,33,,0.5,0.9,1.64,sensitive,2.3,2.8,3.7,
Claoch,Mtx s,Cladonia ochrochlora,East,S,572,,3.9,19.3,21.93,tolerant,27.2,,,
Claoch,Mtx s,Cladonia ochrochlora,West,S,756,,0.8,1.7,8.75,tolerant,,,,
Claple,Mtx s,Cladonia pleurota,West,N,42,,,,0.75,oligotroph,1,1.4,10,
Claple,Mtx s,Cladonia pleurota,West,S,45,,,0.6,1.23,sensitive,1.9,2.5,8.8,
Clapyx,Mtx s,Cladonia pyxidata,East,N,32,,,,5.7,mesotroph,7.2,8.3,15.2,
Clapyx,Mtx s,Cladonia pyxidata,West,N,127,,1.3,4.2,5.4,mesotroph,6.5,7.7,10.6,
Clapyx,Mtx s,Cladonia pyxidata,East,S,32,,,,2.71,sensitive,3.7,5.7,27.4,
Clapyx,Mtx s,Cladonia pyxidata,West,S,128,,,1,1.8,sensitive,6.1,7.3,8.6,
Clarei,Mtx s,Cladonia rei,East,N,21,,,,4.2,oligotroph,4.9,6,,
Clasca,Mtx s,Cladonia scabriuscula,West,N,30,,,,0.75,oligotroph,1,1.6,3.2,
Clasca,Mtx s,Cladonia scabriuscula,West,S,29,2.1,3.4,4,5.29,intermediate,6.8,7.6,8.6,
Clasqu,Mtx s,Cladonia squamosa,East,N,63,,,,4.2,oligotroph,5.9,7,15,
Clasqu,Mtx s,Cladonia squamosa,East,S,63,,,,2.71,sensitive,3.7,5.2,26.7,
Clasqu,Mtx s,Cladonia squamosa,West,S,567,,0.9,1.5,2.53,sensitive,4,6.7,,
Clastr,Mtx s,Cladonia straminea,West,N,13,,,,0.75,oligotroph,1,1.3,2.2,
Clastr,Mtx s,Cladonia straminea,West,S,13,,0.4,0.4,1.26,sensitive,2.4,2.4,8.8,
Clasul,Mtx s,Cladonia sulphurina,West,N,97,,,,0.75,oligotroph,1.1,1.7,8.3,
Clasul,Mtx s,Cladonia sulphurina,West,S,99,,,0.4,2.19,sensitive,3.2,3.7,4.5,
Clatra,Mtx s,Cladonia transcendens,West,N,570,,2.3,5.2,9.53,eutroph,,,,
Clatra,Mtx s,Cladonia transcendens,West,S,568,0.5,2.3,3.5,5.49,intermediate,8,,,
Claumb,Mtx s,Cladonia umbricola,West,N,160,,,,0.75,oligotroph,1,1.5,8.9,
Claumb,Mtx s,Cladonia umbricola,West,S,161,0.4,3.4,4.8,8.75,tolerant,,,,
Claver,Mtx s,Cladonia verruculosa,West,N,53,,1.3,0.8,7.18,mesotroph,9,10.5,12.1,
Claver,Mtx s,Cladonia verruculosa,West,S,54,0.4,1.1,1.6,2.58,sensitive,4.4,6.1,8.3,
Cocpal,Mtx s,Coccocarpia palmicola,East,N,13,5.5,7.4,8.4,9.94,eutroph,11.6,14,17,
Colfur,Cya s-m,Collema furfuraceum,West,N,148,,5.1,6.3,8.78,eutroph,12.1,,,
Colfur,Cya s-m,Collema furfuraceum,West,S,150,0.4,1.2,1.9,3.27,sensitive,5.7,7.8,,
Colnig,Cya s-m,Collema nigrescens,East,N,12,,,,4.2,oligotroph,4.9,5.9,7.7,
Colnig,Cya s-m,Collema nigrescens,West,N,72,1.4,7,8.1,9.95,eutroph,,,,
Colnig,Cya s-m,Collema nigrescens,East,S,12,,,3.4,4.59,intermediate,5.9,6.9,15.3,
Colnig,Cya s-m,Collema nigrescens,West,S,73,,3,3.9,5.46,intermediate,7.3,8.6,,
Colsubf,Cya s-m,Collema subflaccidum,East,N,45,,,,4.2,oligotroph,5.1,6.4,8.5,
Colsubf,Cya s-m,Collema subflaccidum,West,N,9,,1,0.8,4.57,mesotroph,5.8,6.5,12.3,
Colsubf,Cya s-m,Collema subflaccidum,East,S,45,,,,2.71,sensitive,4,5.4,24,
Colsubf,Cya s-m,Collema subflaccidum,West,S,9,,0.4,0.4,0.83,sensitive,1.9,1.9,8.8,
Crecro,Mtx m-l,Crespoa crozalsiana,East,N,77,9.8,14.1,16.1,17.13,eutroph,,,,
Crecro,Mtx m-l,Crespoa crozalsiana,East,S,77,11.1,15.4,18,25.04,tolerant,28.2,30,31.9,
Denint,Cya s-m,Dendriscocaulon intricatulum,West,N,20,,,,0.75,oligotroph,1.1,1.6,12.1,
Denint,Cya s-m,Dendriscocaulon intricatulum,West,S,20,0.4,3.3,4,5.26,intermediate,6.7,7.6,8.7,
Denwri,Cya l,Dendriscosticta wrightii,West,N,13,,,,0.75,oligotroph,1.1,1.6,2.6,
Denwri,Cya l,Dendriscosticta wrightii,West,S,12,,0.4,0.4,1.26,sensitive,2.4,2.4,8.8,
Enccon,Cya s-m,Enchylium conglomeratum,West,N,13,0.8,2.3,2.9,3.98,oligotroph,5.4,6.1,12.3,
Enccon,Cya s-m,Enchylium conglomeratum,West,S,13,,0.4,0.4,1.25,sensitive,2,2.9,8.8,
Erisor,Cya s-m,Erioderma sorediatum,West,N,35,,,,0.75,oligotroph,1.1,1.8,5.5,
Erisor,Cya s-m,Erioderma sorediatum,West,S,34,,0.6,0.8,1.46,sensitive,2.2,2.5,3.3,
Essida,Mtx m-l,Esslingeriana idahoensis,West,N,580,,1.3,1.7,2.5,oligotroph,3.4,4.4,8.9,
Essida,Mtx m-l,Esslingeriana idahoensis,West,S,580,,,,0.38,sensitive,1,1.8,3.6,
Evediv,For sh,Evernia divaricata,West,N,35,2.1,3.5,4.3,5.21,mesotroph,6.2,7.2,8.4,
Evediv,For sh,Evernia divaricata,West,S,35,,0.8,1.2,1.91,sensitive,2.6,3.1,4.1,
Evemes,For sh,Evernia mesomorpha,East,N,576,,,,4.2,oligotroph,6.3,8.4,11.9,
Evemes,For sh,Evernia mesomorpha,West,N,10,,0.8,2.1,3.02,oligotroph,3.8,4.7,12.3,
Evemes,For sh,Evernia mesomorpha,East,S,576,,,,3.35,sensitive,6,8,12.8,
Evemes,For sh,Evernia mesomorpha,West,S,10,,0.4,0.4,1.1,sensitive,2.5,2.5,8.8,
Evepru,For sh,Evernia prunastri,West,N,1217,1,5.3,6.6,8.69,eutroph,11.3,,,
Evepru,For sh,Evernia prunastri,West,S,1217,,1.6,2.5,8.75,tolerant,,,,
Flaabal,Mtx m-l,Flavoparmelia baltimorensis,East,N,22,4.6,6.1,7.2,8.64,eutroph,10.7,15.9,,
Flaabal,Mtx m-l,Flavoparmelia baltimorensis,East,S,22,3.7,5.6,7.6,11.43,tolerant,17.4,19.2,21.7,
Flaacap,Mtx m-l,Flavoparmelia caperata,East,N,1398,,4.7,6.8,14.01,eutroph,,,,
Flaacap,Mtx m-l,Flavoparmelia caperata,West,N,31,3.2,4.8,5.9,12.25,eutroph,,,,
Flaacap,Mtx m-l,Flavoparmelia caperata,East,S,1398,,,10.8,32.16,tolerant,,,,
Flaacap,Mtx m-l,Flavoparmelia caperata,West,S,31,1.1,2.6,3.5,5.11,intermediate,7,8.2,,
Flaudar,Mtx m-l,Flavopunctelia darrowi,West,N,27,2.7,3.9,5,6.04,mesotroph,7.1,7.9,8.8,
Flaudar,Mtx m-l,Flavopunctelia darrowi,West,S,27,0.4,0.7,1.2,1.76,sensitive,2.4,3,3.8,
Flaufla,Mtx m-l,Flavopunctelia flaventior,East,N,96,,4.9,5.7,6.97,mesotroph,8.4,10.4,,
Flaufla,Mtx m-l,Flavopunctelia flaventior,West,N,146,2.5,5.8,7.6,9.85,eutroph,,,,
Flaufla,Mtx m-l,Flavopunctelia flaventior,East,S,96,,,,2.71,sensitive,3.3,4.2,10.9,
Flaufla,Mtx m-l,Flavopunctelia flaventior,West,S,146,0.6,2.2,3.4,5.79,intermediate,,,,
Flaupra,Mtx m-l,Flavopunctelia praesignis,West,N,46,2.1,3.4,4.1,5.33,mesotroph,6.2,6.9,8.2,
Flaupra,Mtx m-l,Flavopunctelia praesignis,West,S,46,,0.7,1.1,1.72,sensitive,2.4,2.9,3.8,
Flausorc,Mtx m-l,Flavopunctelia soredica,East,N,71,,5,5.9,7.23,mesotroph,9.1,11.2,15.5,
Flausorc,Mtx m-l,Flavopunctelia soredica,West,N,431,1.6,2.9,3.7,4.9,mesotroph,6.2,7.4,9.6,
Flausorc,Mtx m-l,Flavopunctelia soredica,East,S,71,,,,2.71,sensitive,3.2,4,30.1,
Flausorc,Mtx m-l,Flavopunctelia soredica,West,S,431,,0.5,1,1.7,sensitive,2.6,8.8,,
Fusahl,Cya s-m,Fuscopannaria ahlneri,West,N,22,,,,0.75,oligotroph,1.1,1.6,2.5,
Fusahl,Cya s-m,Fuscopannaria ahlneri,West,S,22,2.2,3.4,4,5.29,intermediate,6.8,7.6,8.6,
Fuslac,Cya s-m,Fuscopannaria laceratula,West,N,54,,,,0.75,oligotroph,1,1.4,2.1,
Fuslac,Cya s-m,Fuscopannaria laceratula,West,S,52,,0.4,0.6,1.26,sensitive,2,2.3,3,
Fusleuo,Cya s-m,Fuscopannaria leucostictoides,West,N,81,,,,0.75,oligotroph,1.1,1.6,9.9,
Fusleuo,Cya s-m,Fuscopannaria leucostictoides,West,S,82,,3.3,4,5.27,intermediate,6.7,7.6,8.6,
Fusmed,Cya s-m,Fuscopannaria mediterranea,West,N,32,,4.6,5.4,6.59,mesotroph,8.3,9.9,12.1,
Fusmed,Cya s-m,Fuscopannaria mediterranea,West,S,32,0.8,3.1,3.9,5.17,intermediate,6.6,7.6,8.6,
Fuspac,Cya s-m,Fuscopannaria pacifica,West,N,102,,,1.6,2.67,oligotroph,3.9,6.6,8.5,
Fuspac,Cya s-m,Fuscopannaria pacifica,West,S,101,,1,3.9,5.23,intermediate,6.8,7.6,8.6,
Fuspra,Cya s-m,Fuscopannaria praetermissa,West,N,26,,,,0.75,oligotroph,1.2,1.9,12.1,
Fuspra,Cya s-m,Fuscopannaria praetermissa,West,S,28,,0.5,0.7,1.63,sensitive,2.5,2.9,3.7,
Hetalb,Mtx m-l,Heterodermia albicans,East,N,80,6,7.5,8.4,9.59,eutroph,10.9,16.3,,
Hetalb,Mtx m-l,Heterodermia albicans,East,S,80,4,5.6,6.7,8.2,tolerant,10,12,29,
Hetcas,Mtx m-l,Heterodermia casarettiana,East,N,26,6.4,8.3,9.4,11.08,eutroph,12.9,17.1,,
Hetcas,Mtx m-l,Heterodermia casarettiana,East,S,26,4.2,6.3,8.8,12.92,tolerant,15.2,16.6,26.2,
Hetgra,Mtx m-l,Heterodermia granulifera,East,N,15,7.5,9.5,10.6,12.13,eutroph,14.2,15.7,17.1,
Hetgra,Mtx m-l,Heterodermia granulifera,East,S,15,9.1,11,11.9,13.81,tolerant,16,18.8,23.9,
Hethyp,Mtx m-l,Heterodermia hypoleuca,East,N,12,4.4,8.4,9.5,11.22,eutroph,12.9,14,16.2,
Hethyp,Mtx m-l,Heterodermia hypoleuca,East,S,12,2.7,10.1,11.1,12.39,tolerant,13.9,15.6,20.5,
Hetleu,Mtx m-l,Heterodermia leucomela,West,N,36,0.8,1.7,6.4,8.16,eutroph,9.9,11,12.2,
Hetleu,Mtx m-l,Heterodermia leucomela,West,S,36,0.6,3.1,3.9,5.21,intermediate,6.7,7.6,8.6,
Hetobs,Mtx m-l,Heterodermia obscurata,East,N,255,6.3,8,9,10.45,eutroph,12.2,13.5,,
Hetobs,Mtx m-l,Heterodermia obscurata,East,S,255,4.4,6.9,9.6,12.31,tolerant,14.5,16.9,30.6,
Hetrug,Mtx m-l,Heterodermia rugulosa,West,N,34,1.6,2.7,3.1,4.38,mesotroph,7.9,9,11.8,
Hetrug,Mtx m-l,Heterodermia rugulosa,West,S,34,,0.5,0.9,1.64,sensitive,2.5,3,3.7,
Hetspe,Mtx m-l,Heterodermia speciosa,East,N,144,,,,5.54,mesotroph,7,8.5,,
Hetspe,Mtx m-l,Heterodermia speciosa,East,S,144,,,,2.71,sensitive,3.3,4.2,8.7,
Hetsqu,Mtx m-l,Heterodermia squamulosa,East,N,28,7.9,9.8,11,12.64,eutroph,14.6,15.9,17.1,
Hetsqu,Mtx m-l,Heterodermia squamulosa,East,S,28,8.8,10.9,12.5,23.18,tolerant,24.9,26.3,,
Hypeadg,Mtx s,Hyperphyscia adglutinata,West,N,39,1.4,2.6,3.4,4.74,mesotroph,6.1,7.5,11.9,
Hypeadg,Mtx s,Hyperphyscia adglutinata,West,S,39,,,,0.69,sensitive,1.8,2.2,3.3,
Hypesyn,Mtx s,Hyperphyscia syncolla,East,S,9,,,,2.71,sensitive,3.6,12.8,16.8,
Hypapi,Mtx m-l,Hypogymnia apinnata,West,N,1151,,,,0.75,oligotroph,4.6,6.8,,
Hypapi,Mtx m-l,Hypogymnia apinnata,West,S,1153,,0.5,1.1,4.49,intermediate,7.3,,,
Hypaus,Mtx m-l,Hypogymnia austerodes,West,N,129,,1.3,2.1,3.35,oligotroph,5.1,12,9.9,
Hypbit,Mtx m-l,Hypogymnia bitteri,West,N,47,,,,0.75,oligotroph,1.1,1.6,11.3,
Hypbit,Mtx m-l,Hypogymnia bitteri,West,S,48,,0.6,1.2,2.14,sensitive,3.1,3.6,4.5,
Hypdup,Mtx m-l,Hypogymnia duplicata,West,N,251,,,,0.75,oligotroph,1,1.3,2,
Hypdup,Mtx m-l,Hypogymnia duplicata,West,S,251,,0.6,1,1.59,sensitive,2.5,3.3,5.9,
Hypent,Mtx m-l,Hypogymnia enteromorpha,West,N,1735,,,0.9,7.21,mesotroph,9.4,10.9,,
Hypent,Mtx m-l,Hypogymnia enteromorpha,West,S,1734,,0.7,1.3,2.42,sensitive,3.8,5.9,,
Hypfar,Mtx m-l,Hypogymnia farinacea,West,N,11,0.8,2.7,3.3,4.67,mesotroph,5.9,6.4,12.3,
Hypfar,Mtx m-l,Hypogymnia farinacea,West,S,11,,0.4,0.5,1.61,sensitive,2.5,3.2,8.8,
Hyphet,Mtx m-l,Hypogymnia heterophylla,West,N,72,0.9,1.4,1.7,2.42,oligotroph,3.8,10.2,12,
Hyphet,Mtx m-l,Hypogymnia heterophylla,West,S,72,,0.6,1,1.71,sensitive,2.7,3.4,4.3,
Hypims,Mtx m-l,Hypogymnia imshaugii,West,N,2546,,1,1.5,2.32,oligotroph,3.3,4.4,,
Hypims,Mtx m-l,Hypogymnia imshaugii,West,S,2547,,,,0.38,sensitive,0.8,1.4,7.6,
Hypina,Mtx m-l,Hypogymnia inactiva,West,N,1457,0.8,3,5.8,7.59,mesotroph,9.6,10.9,,
Hypina,Mtx m-l,Hypogymnia inactiva,West,S,1456,,1,1.7,2.62,sensitive,3.8,5.4,,
Hypkro,Mtx m-l,Hypogymnia krogiae,East,N,72,,,,4.2,oligotroph,4.7,5.5,7.3,
Hypkro,Mtx m-l,Hypogymnia krogiae,East,S,72,,,2.9,4.31,intermediate,5.8,6.9,8.9,
Hypocc,Mtx m-l,Hypogymnia occidentalis,West,N,986,,,1.4,2.25,oligotroph,3.3,4.3,,
Hypocc,Mtx m-l,Hypogymnia occidentalis,West,S,987,,,,0.38,sensitive,0.9,1.7,,
Hypoce,Mtx m-l,Hypogymnia oceanica,West,N,251,,,,0.75,oligotroph,1,1.5,,
Hypoce,Mtx m-l,Hypogymnia oceanica,West,S,250,,0.5,1.1,4.56,intermediate,7,8.8,,
Hypphy,Mtx m-l,Hypogymnia physodes,East,N,742,,,,4.2,oligotroph,5.9,8.2,16.1,
Hypphy,Mtx m-l,Hypogymnia physodes,West,N,2055,,2.5,6.3,8.46,eutroph,10.9,,,
Hypphy,Mtx m-l,Hypogymnia physodes,East,S,742,,,,4.48,intermediate,6.6,8.6,,
Hypphy,Mtx m-l,Hypogymnia physodes,West,S,2058,,1.2,2.2,8.75,tolerant,,,,
Hyprug,Mtx m-l,Hypogymnia rugosa,West,N,180,,1.4,2,3.16,oligotroph,4.6,6.5,9.3,
Hyptub,Mtx m-l,Hypogymnia tubulosa,East,N,52,,,,4.2,oligotroph,5.1,6.4,8.6,
Hyptub,Mtx m-l,Hypogymnia tubulosa,West,N,1634,0.9,2.8,5.9,7.76,mesotroph,10.5,,,
Hyptub,Mtx m-l,Hypogymnia tubulosa,East,S,52,,,2.9,4.53,intermediate,6,7.1,8.8,
Hypvit,Mtx m-l,Hypogymnia vittata,West,N,119,,,,0.75,oligotroph,1,1.3,12,
Hypwil,Mtx m-l,Hypogymnia wilfiana,West,N,1067,,0.9,1.5,2.37,oligotroph,3.3,4.2,7.6,
Hypwil,Mtx m-l,Hypogymnia wilfiana,West,S,1071,,,,0.38,sensitive,0.9,1.5,,
Hyptcro,Mtx m-l,Hypotrachyna croceopustulata,East,N,9,9.5,10.9,11.8,13.41,eutroph,15.3,16.3,17.1,
Hyptcro,Mtx m-l,Hypotrachyna croceopustulata,East,S,9,13.1,14.8,15.6,16.76,tolerant,18.4,20.2,22.7,
Hypthor,Mtx m-l,Hypotrachyna horrescens,East,N,124,6.5,8.2,9.4,11.48,eutroph,13.8,16.3,,
Hypthor,Mtx m-l,Hypotrachyna horrescens,East,S,124,4.1,6.4,8.5,11.78,tolerant,15.9,31.7,,
Hyptliv,Mtx m-l,Hypotrachyna livida,East,N,227,6.4,8.1,9.1,17.13,eutroph,,,,
Hyptliv,Mtx m-l,Hypotrachyna livida,East,S,227,4.2,6.4,8.2,12.81,tolerant,15.2,17.2,31,
Hyptmin,Mtx m-l,Hypotrachyna minarum,East,N,231,6.6,8.4,9.4,11.21,eutroph,14.3,,,
Hyptmin,Mtx m-l,Hypotrachyna minarum,East,S,231,4.7,7.8,10.2,12.68,tolerant,24.1,26.6,,
Hyptoss,Mtx m-l,Hypotrachyna osseoalba,East,N,20,5.8,7.4,8.3,17.13,eutroph,,,,
Hyptoss,Mtx m-l,Hypotrachyna osseoalba,East,S,20,3.7,5.1,5.9,7.38,intermediate,9.6,11.2,26.2,
Hyptpul,Mtx m-l,Hypotrachyna pulvinata,West,N,11,0.8,2.9,3.7,4.67,mesotroph,6.7,7.9,12.3,
Hyptpul,Mtx m-l,Hypotrachyna pulvinata,West,S,11,0.4,0.7,1,1.85,sensitive,2.8,3.3,8.8,
Hyptpus,Mtx m-l,Hypotrachyna pustulifera,East,N,23,7.5,11.2,16.4,17.13,eutroph,,,,
Hyptrev,Mtx m-l,Hypotrachyna revoluta,East,N,13,,,,4.2,oligotroph,6,12.5,15,
Hyptrev,Mtx m-l,Hypotrachyna revoluta,West,N,9,1.6,7,7.9,9.17,eutroph,10.6,11.5,12.2,
Hyptsho,Mtx m-l,Hypotrachyna showmanii,East,N,46,7.7,9.8,11.7,17.13,eutroph,,,,
Hyptsho,Mtx m-l,Hypotrachyna showmanii,East,S,46,12.5,16.9,21.3,23.13,tolerant,25.5,30.4,,
Hyptsin,Mtx m-l,Hypotrachyna sinuosa,West,N,454,,5.8,7.2,8.67,eutroph,10.2,11.1,12.2,
Hyptsin,Mtx m-l,Hypotrachyna sinuosa,West,S,454,0.6,1.2,1.9,2.87,sensitive,4.3,6.2,,
Imsale,Mtx m-l,Imshaugia aleurites,East,N,176,,,,4.2,oligotroph,4.8,5.8,14.1,
Imsale,Mtx m-l,Imshaugia aleurites,East,S,176,,,,3.89,sensitive,5.5,6.7,,
Imsale,Mtx m-l,Imshaugia aleurites,West,S,30,0.6,7,8,8.75,tolerant,,,,
Imspla,Mtx m-l,Imshaugia placorodia,East,N,15,,6.6,9.8,11.65,eutroph,13.8,15.2,17,
Imspla,Mtx m-l,Imshaugia placorodia,West,N,70,2.2,3.4,4.1,5.21,mesotroph,6.6,7.5,8.6,
Imspla,Mtx m-l,Imshaugia placorodia,West,S,70,0.4,0.8,1.2,1.87,sensitive,2.7,3.3,4.2,
Kaecal,Mtx s,Kaernefeltia californica,West,N,44,,,,0.75,oligotroph,1.5,2.3,4.9,
Kaecal,Mtx s,Kaernefeltia californica,West,S,44,0.5,3.5,4.3,5.91,intermediate,8,,,
Kaemer,Mtx s,Kaernefeltia merrillii,West,N,1116,,,0.9,1.63,oligotroph,2.4,3,4.5,
Kaemer,Mtx s,Kaernefeltia merrillii,West,S,1117,,,,0.38,sensitive,0.6,1,1.7,
Latfus,Cya s-m,Lathagrium fuscovirens,West,N,34,,4.6,5.2,6.3,mesotroph,7.4,8.2,10,
Latfus,Cya s-m,Lathagrium fuscovirens,West,S,34,,,0.4,1.33,sensitive,2.3,2.6,3.6,
Leisor,Cya s-m,Leioderma sorediatum,West,N,10,,,,0.75,oligotroph,1.3,5.1,12.3,
Leisor,Cya s-m,Leioderma sorediatum,West,S,10,0.4,0.4,0.4,1.56,sensitive,3,3,8.8,
Lepcaalb,Cya s-m,Leptochidium albociliatum,West,N,22,,3.4,4.6,5.46,mesotroph,6.2,6.8,8.1,
Lepcaalb,Cya s-m,Leptochidium albociliatum,West,S,22,,3.3,4,5.28,intermediate,6.8,7.6,8.7,
Lepdcon,Cya s-m,Leptogidium contortum,West,N,106,,,,0.75,oligotroph,1,1.4,4.9,
Lepdcon,Cya s-m,Leptogidium contortum,West,S,105,,0.5,0.9,1.44,sensitive,2.3,3,4.2,
Lepars,Cya s-m,Leptogium arsenei,West,N,13,2.1,4.2,4.8,5.73,mesotroph,6.9,7.5,8.7,
Lepars,Cya s-m,Leptogium arsenei,West,S,13,0.4,0.4,0.8,1.82,sensitive,3,3.7,8.8,
Lepaus,Cya s-m,Leptogium austroamericanum,East,N,13,,7.7,8.5,9.75,eutroph,11.1,12.2,15.3,
Lepaus,Cya s-m,Leptogium austroamericanum,East,S,13,3.3,4.9,6.3,8.41,tolerant,10.1,11.7,15.8,
Lepbre,Cya s-m,Leptogium brebissonii,West,N,60,,,,0.75,oligotroph,1.1,1.7,11.6,
Lepbre,Cya s-m,Leptogium brebissonii,West,S,59,,0.7,1.1,1.64,sensitive,2.2,2.8,3.7,
Lepburn,Cya s-m,Leptogium burnetiae,West,N,26,,,,0.75,oligotroph,1.1,1.6,2.4,
Lepburn,Cya s-m,Leptogium burnetiae,West,S,25,0.4,3.3,4,5.27,intermediate,6.7,7.6,8.7,
Lepcya,Cya s-m,Leptogium cyanescens,East,N,133,,,,4.2,oligotroph,4.9,6,17.1,
Lepcya,Cya s-m,Leptogium cyanescens,West,N,24,1.7,0.8,5.9,6.93,mesotroph,8.3,9.4,11.7,
Lepcya,Cya s-m,Leptogium cyanescens,East,S,133,,,,4.04,sensitive,6.7,13.5,25.7,
Lepcya,Cya s-m,Leptogium cyanescens,West,S,23,0.5,1.1,1.5,2.4,sensitive,3.3,3.7,4.6,
Lepdent,Cya s-m,Leptogium denticulatum,West,N,17,3.5,4.6,5.3,6.21,mesotroph,7.2,8,8.8,
Lepdent,Cya s-m,Leptogium denticulatum,West,S,17,0.4,0.9,1.2,1.81,sensitive,2.5,3,3.8,
Lepmil,Cya s-m,Leptogium milligranum,West,N,11,2.8,3.8,4.3,5.3,mesotroph,6.2,6.7,8,
Lepmil,Cya s-m,Leptogium milligranum,West,S,11,0.4,0.7,1,1.72,sensitive,2.5,2.9,8.8,
Lepfur,Cya s-m,Leptogium pseudofurfuraceum,West,N,121,2.2,3.6,4.5,5.98,mesotroph,7.6,9.1,11.6,
Lepfur,Cya s-m,Leptogium pseudofurfuraceum,West,S,121,,0.8,1.2,1.91,sensitive,2.7,3.2,4.1,
Lepsat,Cya s-m,Leptogium saturninum,East,N,18,,,,4.2,oligotroph,5.1,6.4,8.5,
Lepsat,Cya s-m,Leptogium saturninum,West,N,101,,4.9,6.1,7.94,mesotroph,9.7,10.8,12,
Lepsat,Cya s-m,Leptogium saturninum,East,S,18,,,,2.71,sensitive,3.7,4.8,7,
Lepsat,Cya s-m,Leptogium saturninum,West,S,106,0.4,1,1.6,2.45,sensitive,4,5.7,8.1,
Lepter,Cya s-m,Leptogium teretiusculum,West,N,9,,4.3,6.4,8.2,eutroph,10.2,11.5,12.3,
Lepter,Cya s-m,Leptogium teretiusculum,West,S,9,,0.4,0.4,1.08,sensitive,2.5,2.5,8.8,
Letcol,For sh,Letharia columbiana,West,N,1171,,,1,1.67,oligotroph,2.4,3.1,9.3,
Letcol,For sh,Letharia columbiana,West,S,1171,,,,0.38,sensitive,0.6,1,1.8,
Letvul,For sh,Letharia vulpina,West,N,2387,,,1.2,1.95,oligotroph,2.8,3.7,9.8,
Letvul,For sh,Letharia vulpina,West,S,2387,,,,0.38,sensitive,0.7,1.1,2.1,
Lobamp,Cya l,Lobaria amplissima,West,N,14,,,,0.75,oligotroph,1,1.4,2.2,
Lobamp,Cya l,Lobaria amplissima,West,S,13,,0.4,0.4,1.26,sensitive,2.4,2.4,8.8,
Lobhal,Cya l,Lobaria hallii,West,N,84,,,,0.75,oligotroph,1.3,2.4,7.5,
Lobhal,Cya l,Lobaria hallii,West,S,90,,3.3,4,5.28,intermediate,6.7,7.6,8.6,
Loblin,Cya l,Lobaria linita,West,N,217,,,,0.75,oligotroph,1,1.4,2.1,
Lobore,Cya l,Lobaria oregana,West,N,634,,,,0.75,oligotroph,1,4.4,11.7,
Lobore,Cya l,Lobaria oregana,West,S,630,,0.6,1,1.7,sensitive,2.6,3.6,6.2,
Lobpul,Cya l,Lobaria pulmonaria,East,N,193,,,,4.2,oligotroph,4.9,6,8.2,
Lobpul,Cya l,Lobaria pulmonaria,West,N,770,,,1.8,3.02,oligotroph,9.6,10.9,,
Lobpul,Cya l,Lobaria pulmonaria,East,S,193,,,,3.47,sensitive,5.2,6.3,8.4,
Lobpul,Cya l,Lobaria pulmonaria,West,S,773,,0.4,0.9,1.84,sensitive,3,,,
Lobque,Cya l,Lobaria quercizans,East,N,128,,,,4.2,oligotroph,4.8,5.8,7.9,
Lobque,Cya l,Lobaria quercizans,East,S,128,,,,3.88,sensitive,5.3,6.3,8.3,
Lobret,Cya l,Lobaria retigera,West,N,14,,,,0.75,oligotroph,1,1.4,2.2,
Lobret,Cya l,Lobaria retigera,West,S,14,,0.4,0.4,1.26,sensitive,2.5,2.5,8.8,
Lobscr,Cya l,Lobaria scrobiculata,West,N,275,,,,0.75,oligotroph,1,8.2,11.1,
Loxcor,Mtx s,Loxosporopsis corallifera,West,S,86,0.4,5.4,7.5,8.75,tolerant,,,,
Meleful,Mtx m-l,Melanelixia fuliginosa,East,N,44,,6.1,7.3,8.91,eutroph,10.8,12.1,14.8,
Meleful,Mtx m-l,Melanelixia fuliginosa,West,N,205,3.3,6.1,7.4,9.45,eutroph,12.1,,,
Meleful,Mtx m-l,Melanelixia fuliginosa,East,S,44,3.3,6.4,7.9,9.75,tolerant,11.8,13.3,16.3,
Meleful,Mtx m-l,Melanelixia fuliginosa,West,S,205,0.9,2.3,7.4,8.75,tolerant,,,,
Meleglaa,Mtx m-l,Melanelixia glabra,West,N,140,4.5,9.4,11.2,12.25,eutroph,,,,
Meleglaa,Mtx m-l,Melanelixia glabra,West,S,140,,0.8,6.2,8.75,tolerant,,,,
Melesubr,Mtx m-l,Melanelixia subargentifera,East,N,12,,4.7,5.5,6.75,mesotroph,8.1,9.1,11.3,
Melesubr,Mtx m-l,Melanelixia subargentifera,West,N,79,1.1,6.2,8.3,12.25,eutroph,,,,
Melesubr,Mtx m-l,Melanelixia subargentifera,East,S,12,,,,2.71,sensitive,3.2,3.9,5.4,
Melesubu,Mtx m-l,Melanelixia subaurifera,East,N,636,,,,4.2,oligotroph,7.5,9.7,15.7,
Melesubu,Mtx m-l,Melanelixia subaurifera,West,N,302,1.5,5.6,6.6,8.41,eutroph,10.6,12.1,,
Melesubu,Mtx m-l,Melanelixia subaurifera,East,S,636,,,,4.3,intermediate,7.3,10.4,30.2,
Melesubu,Mtx m-l,Melanelixia subaurifera,West,S,302,0.7,1.7,2.3,3.5,sensitive,6.3,,,
Meloele,Mtx m-l,Melanohalea elegantula,West,N,1048,,0.9,1.6,3.98,oligotroph,5.4,12,,
Meloele,Mtx m-l,Melanohalea elegantula,West,S,1048,,,,0.38,sensitive,0.8,1.7,,
Meloexaa,Mtx m-l,Melanohalea exasperata,West,N,66,,,0.9,4.89,mesotroph,6.3,9.5,11.8,
Meloexaa,Mtx m-l,Melanohalea exasperata,West,S,64,,,1.4,5.07,intermediate,6.6,7.6,8.7,
Meloexau,Mtx m-l,Melanohalea exasperatula,East,N,11,,,,5.66,mesotroph,7.1,8.3,12.5,
Meloexau,Mtx m-l,Melanohalea exasperatula,West,N,1472,,1.3,2,4.49,mesotroph,7.1,11.4,,
Meloexau,Mtx m-l,Melanohalea exasperatula,West,S,1473,,,,0.38,sensitive,3.2,6.9,,
Melohal,Mtx m-l,Melanohalea halei,East,N,44,,,,4.2,oligotroph,8.5,16.2,,
Melohal,Mtx m-l,Melanohalea halei,East,S,44,,3.8,15.6,17.01,tolerant,18.7,19.7,21.4,
Melolia,Mtx m-l,Melanohalea olivacea,East,N,50,,,,4.2,oligotroph,5.2,7,10.3,
Melolia,Mtx m-l,Melanohalea olivacea,West,N,10,,,,0.75,oligotroph,1.2,1.8,6.1,
Melolia,Mtx m-l,Melanohalea olivacea,East,S,50,,,,4.23,intermediate,6.1,7.4,19.5,
Melolia,Mtx m-l,Melanohalea olivacea,West,S,10,,0.4,0.4,1.26,sensitive,2.3,2.3,8.8,
Melosep,Mtx m-l,Melanohalea septentrionalis,East,N,148,,,,4.2,oligotroph,5.2,6.8,9.5,
Melosep,Mtx m-l,Melanohalea septentrionalis,East,S,148,,,,2.71,sensitive,4.8,6.3,9.1,
Melosubo,Mtx m-l,Melanohalea subolivacea,West,S,1759,,,,0.38,sensitive,1.2,2.3,,
Mensub,Mtx m-l,Menegazzia subsimilis,East,N,34,,,,4.2,oligotroph,5,6,8,
Mensub,Mtx m-l,Menegazzia subsimilis,West,N,300,1.4,6.4,7.6,9,eutroph,10.5,11.5,,
Mensub,Mtx m-l,Menegazzia subsimilis,East,S,34,,,,3.42,sensitive,5,6.2,22.5,
Mensub,Mtx m-l,Menegazzia subsimilis,West,S,299,0.5,1.1,1.7,2.63,sensitive,3.7,6.7,,
Mondis,Mtx m-l,Montanelia disjuncta,West,N,19,1.1,2.6,7.9,9.17,eutroph,10.6,11.5,12.2,
Mondis,Mtx m-l,Montanelia disjuncta,West,S,19,,3.2,3.9,5.2,intermediate,6.7,7.6,8.7,
Monpan,Mtx m-l,Montanelia panniformis,West,S,17,,,,0.38,sensitive,2.7,3.5,8.8,
Monsor,Mtx m-l,Montanelia sorediata,West,N,18,,0.9,1.4,2.46,oligotroph,3.8,4.8,12.3,
Monsor,Mtx m-l,Montanelia sorediata,West,S,18,,,,0.38,sensitive,1.3,2,8.8,
Montom,Mtx m-l,Montanelia tominii,West,N,29,1.1,3.7,4.5,6.04,mesotroph,7.2,7.8,9,
Montom,Mtx m-l,Montanelia tominii,West,S,29,,1.2,3.7,5.1,intermediate,6.7,7.7,8.7,
Myeaur,Mtx m-l,Myelochroa aurulenta,East,N,620,,5.6,8.3,12.46,eutroph,16.2,,,
Myeaur,Mtx m-l,Myelochroa aurulenta,East,S,620,,5.3,11.9,18.36,tolerant,31.6,,,
Myegal,Mtx m-l,Myelochroa galbina,East,N,346,,,,4.2,oligotroph,5.8,8,14.8,
Myegal,Mtx m-l,Myelochroa galbina,East,S,346,,,,4.16,sensitive,6.1,7.8,30.3,
Neparc,Cya l,Nephroma arcticum,West,N,24,,,,0.75,oligotroph,1,1.3,2.1,
Nepbul,Cya l,Nephroma bellum,West,N,301,,,,0.75,oligotroph,1,1.5,6.2,
Nepbul,Cya l,Nephroma bellum,West,S,304,,1.2,6.8,8.75,tolerant,,,,
Nephel,Cya l,Nephroma helveticum,East,N,16,,,,4.2,oligotroph,5.6,6.6,8.3,
Nephel,Cya l,Nephroma helveticum,West,N,444,,,,0.75,oligotroph,1.2,4.1,11.9,
Nephel,Cya l,Nephroma helveticum,East,S,16,,,,2.71,sensitive,3.3,4.1,5.8,
Nephel,Cya l,Nephroma helveticum,West,S,443,,,0.6,1.36,sensitive,2.2,2.9,7.3,
Nepisi,Cya l,Nephroma isidiosum,West,N,37,,,,0.75,oligotroph,1,1.4,2.2,
Nepisi,Cya l,Nephroma isidiosum,West,S,39,0.8,3.4,4,5.29,intermediate,6.7,7.6,8.6,
Neplae,Cya l,Nephroma laevigatum,West,N,148,,1.7,2.7,3.91,oligotroph,5.6,7.5,9.6,
Neplae,Cya l,Nephroma laevigatum,West,S,149,,0.5,0.9,1.56,sensitive,2.3,2.8,3.8,
Nepocc,Cya l,Nephroma occultum,West,N,29,,1.2,2,2.91,oligotroph,4,4.9,6,
Nepocc,Cya l,Nephroma occultum,West,S,29,,3.3,4,5.27,intermediate,6.7,7.6,8.7,
Neppar,Cya l,Nephroma parile,East,N,10,,,,5.3,mesotroph,6.5,7.4,9.1,
Neppar,Cya l,Nephroma parile,West,N,195,,,,0.75,oligotroph,1.1,1.6,5.9,
Neppar,Cya l,Nephroma parile,East,S,10,,,,2.71,sensitive,3.2,4,5.5,
Neppar,Cya l,Nephroma parile,West,S,201,,3.8,5,8.26,tolerant,,,,
Nepres,Cya l,Nephroma resupinatum,West,N,324,,,5.1,6.35,mesotroph,7.5,8.4,10.2,
Nepres,Cya l,Nephroma resupinatum,West,S,326,,0.4,0.9,1.7,sensitive,2.5,3.4,7,
Niecep,Mtx m-l,Niebla cephalota,West,N,30,,1.3,11.2,12.25,eutroph,,,,
Niecep,Mtx m-l,Niebla cephalota,West,S,30,1.3,2.7,3.5,5.2,intermediate,7.2,8.5,,
Nodabb,For p,Nodobryoria abbreviata,West,N,1289,,,1.2,1.85,oligotroph,2.7,3.3,5.1,
Nodabb,For p,Nodobryoria abbreviata,West,S,1289,,,,0.38,sensitive,0.6,1,1.8,
Nodore,For p,Nodobryoria oregana,West,N,1267,,1.2,1.8,2.65,oligotroph,3.7,4.9,10.3,
Nodore,For p,Nodobryoria oregana,West,S,1267,,,,0.38,sensitive,1,2,3.8,
Pancon,Cya s-m,Pannaria conoplea,East,N,14,,,,4.2,oligotroph,5.7,7,8.8,
Pancon,Cya s-m,Pannaria conoplea,East,S,14,,,,2.71,sensitive,3.5,4.4,6.1,
Parpse,Mtx m-l,Parmelia pseudosulcata,West,N,252,,,,0.75,oligotroph,1,10.8,,
Parpse,Mtx m-l,Parmelia pseudosulcata,West,S,254,,1.1,7.4,8.75,tolerant,,,,
Parsax,Mtx m-l,Parmelia saxatilis,East,N,34,,,4.8,7.19,mesotroph,8.8,15,17.1,
Parsax,Mtx m-l,Parmelia saxatilis,West,S,318,,1.2,2,3.23,sensitive,5.3,6.8,8.4,
Parsqu,Mtx m-l,Parmelia squarrosa,East,N,492,,,,4.2,oligotroph,5.3,7,15.5,
Parsqu,Mtx m-l,Parmelia squarrosa,West,N,129,,,,0.75,oligotroph,1.1,1.6,10.3,
Parsqu,Mtx m-l,Parmelia squarrosa,East,S,492,,,,3.81,sensitive,5.7,7.2,,
Parsul,Mtx m-l,Parmelia sulcata,East,N,1169,,,,4.2,oligotroph,7,9.7,,
Parsul,Mtx m-l,Parmelia sulcata,West,N,2446,,2.3,6.2,8.47,eutroph,11.4,,,
Parsul,Mtx m-l,Parmelia sulcata,West,S,2448,,1.2,2.5,8.75,tolerant,,,,
Parlpar,Mtx s,Parmeliella parvula,West,N,11,,,,0.75,oligotroph,1,1.4,2.2,
Parlpar,Mtx s,Parmeliella parvula,West,S,11,,0.4,0.4,1.26,sensitive,2.3,2.3,8.8,
Parltri,Mtx s,Parmeliella triptophylla,East,N,11,,,,4.2,oligotroph,4.8,5.7,7.5,
Parltri,Mtx s,Parmeliella triptophylla,West,N,29,,,,0.75,oligotroph,1.1,1.5,11.6,
Parltri,Mtx s,Parmeliella triptophylla,East,S,11,,,,2.71,sensitive,4.2,5.1,17,
Parltri,Mtx s,Parmeliella triptophylla,West,S,31,1.5,3.4,4,5.27,intermediate,6.7,7.6,8.6,
Parnque,Mtx m-l,Parmelina coleae,West,N,89,4.4,9.8,11.4,12.25,eutroph,,,,
Parnque,Mtx m-l,Parmelina coleae,West,S,89,,0.4,1,2.96,sensitive,5,6.6,8.3,
Parpamb,Mtx s,Parmeliopsis ambigua,East,N,47,,,,4.2,oligotroph,4.9,5.9,8.2,
Parpamb,Mtx s,Parmeliopsis ambigua,West,N,1371,,1,1.6,2.4,oligotroph,3.4,4.4,7.3,
Parpamb,Mtx s,Parmeliopsis ambigua,East,S,47,,,2.8,4.4,intermediate,5.9,7.4,31.3,
Parpamb,Mtx s,Parmeliopsis ambigua,West,S,1371,,,,0.38,sensitive,0.8,1.4,4.9,
Parpcap,Mtx s,Parmeliopsis capitata,East,N,44,,,,4.2,oligotroph,4.8,5.7,8.4,
Parpcap,Mtx s,Parmeliopsis capitata,East,S,44,,,3,4.36,intermediate,5.7,6.9,19.4,
Parphyp,Mtx s,Parmeliopsis hyperopta,East,N,26,,,,4.2,oligotroph,4.9,6,15.5,
Parphyp,Mtx s,Parmeliopsis hyperopta,West,N,1908,,,1.3,2.56,oligotroph,3.8,9.8,,
Parphyp,Mtx s,Parmeliopsis hyperopta,East,S,26,,,,2.71,sensitive,3.7,4.9,27.7,
Parphyp,Mtx s,Parmeliopsis hyperopta,West,S,1912,,,,0.38,sensitive,2.5,8.7,,
Parmarn,Mtx m-l,Parmotrema arnoldii,West,N,146,1.3,6.5,7.5,8.91,eutroph,10.4,11.5,,
Parmarn,Mtx m-l,Parmotrema arnoldii,West,S,145,0.8,1.5,2.1,3.06,sensitive,4.7,8.8,,
Parmaus,Mtx m-l,Parmotrema austrosinense,East,N,11,7,15.6,16.5,17.13,eutroph,,,,
Parmcet,Mtx m-l,Parmotrema cetratum,East,N,55,6.8,8.7,10,11.53,eutroph,13,14.6,,
Parmcet,Mtx m-l,Parmotrema cetratum,East,S,55,5.2,7.2,8.5,10.22,tolerant,14.6,16.2,26.3,
Parmcrin,Mtx m-l,Parmotrema crinitum,East,N,53,,,4.2,5.62,mesotroph,12,13.7,15.9,
Parmcrin,Mtx m-l,Parmotrema crinitum,West,N,35,,,0.8,3.48,oligotroph,4.4,5,5.8,
Parmcrin,Mtx m-l,Parmotrema crinitum,East,S,53,,7.3,10.9,13.37,tolerant,16.5,17.5,19.8,
Parmcrin,Mtx m-l,Parmotrema crinitum,West,S,35,,0.5,0.9,1.58,sensitive,2.3,2.8,3.5,
Parmdil,Mtx m-l,Parmotrema dilatatum,East,N,37,5.9,7.6,8.4,10,eutroph,13.2,16.4,,
Parmdil,Mtx m-l,Parmotrema dilatatum,East,S,37,4.5,6.5,8,10.71,tolerant,14.4,16.2,20.6,
Parmeur,Mtx m-l,Parmotrema eurysacum,East,N,47,6.8,8.4,9.3,10.84,eutroph,13,14.8,,
Parmgar,Mtx m-l,Parmotrema gardneri,East,N,26,6.6,8.7,9.8,11.29,eutroph,12.7,13.8,,
Parmgar,Mtx m-l,Parmotrema gardneri,East,S,26,4.4,8,10.4,12.14,tolerant,13.8,15.3,20.8,
Parmhypo,Mtx m-l,Parmotrema hypoleucinum,East,N,11,7.2,9.2,9.9,11.18,eutroph,12.6,13.5,15.7,
Parmhypo,Mtx m-l,Parmotrema hypoleucinum,East,S,11,7.8,10.7,11.7,12.92,tolerant,14.3,15.3,17.1,
Parmhypt,Mtx m-l,Parmotrema hypotropum,East,N,371,7.3,11,15.3,17.13,eutroph,,,,
Parmhypt,Mtx m-l,Parmotrema hypotropum,East,S,371,5.9,9.2,11,13.72,tolerant,17.5,32.2,,
Pamrlou,Mtx m-l,Parmotrema louisianae,East,N,9,5.7,7.5,8.4,9.72,eutroph,11,12,14.5,
Pamrlou,Mtx m-l,Parmotrema louisianae,East,S,9,3.6,5.4,6.1,10.29,tolerant,12,12.7,14.8,
Parmmar,Mtx m-l,Parmotrema margaritatum,East,N,89,6.9,9.7,11.8,17.13,eutroph,,,,
Parmmar,Mtx m-l,Parmotrema margaritatum,East,S,89,7.1,10.2,11.6,14.39,tolerant,17.5,24,30,
Parmmel,Mtx m-l,Parmotrema mellissii,East,S,10,3.5,4.8,5.7,7.04,intermediate,23.4,25.1,27.8,
Parmperf,Mtx m-l,Parmotrema perforatum,East,N,154,6.2,7.8,8.8,10.08,eutroph,11.5,12.8,,
Parmperf,Mtx m-l,Parmotrema perforatum,East,S,154,4.3,6.4,7.7,9.56,tolerant,11.5,13.1,18.9,
Parmperl,Mtx m-l,Parmotrema perlatum,East,N,61,6.7,9.1,12.6,17.13,eutroph,,,,
Parmperl,Mtx m-l,Parmotrema perlatum,West,N,132,1,6.6,7.7,9.05,eutroph,10.5,11.5,,
Parmperl,Mtx m-l,Parmotrema perlatum,East,S,61,5.1,9,10.9,14.12,tolerant,16.4,26.4,31.2,
Parmperl,Mtx m-l,Parmotrema perlatum,West,S,131,0.6,1.3,2,2.84,sensitive,3.8,5.1,,
Parmpra,Mtx m-l,Parmotrema praesorediosum,East,N,57,5.6,7.2,8.1,9.26,eutroph,10.5,11.5,16,
Parmpra,Mtx m-l,Parmotrema praesorediosum,East,S,57,3.7,5.1,6,7.41,intermediate,9.2,10.8,27.9,
Parmram,Mtx m-l,Parmotrema rampoddense,East,N,37,5.9,7.4,8.3,9.51,eutroph,11,12,15.3,
Parmram,Mtx m-l,Parmotrema rampoddense,East,S,37,3.8,5.4,6.5,8.05,tolerant,9.8,11.1,24.5,
Parmret,Mtx m-l,Parmotrema reticulatum,East,N,287,6.2,8,8.9,10.41,eutroph,12.2,,,
Parmret,Mtx m-l,Parmotrema reticulatum,East,S,287,4.3,6.5,8.5,12.21,tolerant,14.6,16.3,23.5,
Parmstu,Mtx m-l,Parmotrema stuppeum,East,N,35,9.9,12.2,13.3,14.88,eutroph,16.8,,,
Parmstu,Mtx m-l,Parmotrema stuppeum,East,S,35,9.6,11.9,13.2,15.24,tolerant,20.9,28.4,31.7,
Parmsubi,Mtx m-l,Parmotrema subisidiosum,East,N,68,6.4,8.1,9.1,10.5,eutroph,12,17.1,,
Parmsubi,Mtx m-l,Parmotrema subisidiosum,East,S,68,5,7.1,8.4,10.03,tolerant,11.8,13.5,18.7,
Parmsubm,Mtx m-l,Parmotrema submarginale,East,N,120,6.2,7.8,8.8,10.1,eutroph,11.6,12.8,15.4,
Parmsubm,Mtx m-l,Parmotrema submarginale,East,S,120,4.7,6.6,7.8,9.4,tolerant,11.2,12.9,17.2,
Parmsubr,Mtx m-l,Parmotrema subrigidum,East,N,52,5.8,7.4,8.3,9.44,eutroph,10.8,11.8,15.6,
Parmsubr,Mtx m-l,Parmotrema subrigidum,East,S,52,3.7,5.1,6.1,7.54,intermediate,9.4,11,16.6,
Parmsubt,Mtx m-l,Parmotrema subtinctorium,East,N,24,5.7,7.5,8.5,9.88,eutroph,11.7,,,
Parmtin,Mtx m-l,Parmotrema tinctorum,East,N,62,5.9,7.5,8.3,9.47,eutroph,10.8,11.8,15.4,
Parmtin,Mtx m-l,Parmotrema tinctorum,East,S,62,3.6,5,6,7.44,intermediate,9.3,10.8,30.2,
Parmult,Mtx m-l,Parmotrema ultralucens,East,N,24,6.3,8.2,9.2,10.61,eutroph,12.1,13.3,,
Parmult,Mtx m-l,Parmotrema ultralucens,East,S,24,4.5,6.7,8.1,9.86,tolerant,11.9,14.8,19.8,
Parmxan,Mtx m-l,Parmotrema xanthinum,East,N,20,5.8,7.5,8.4,9.58,eutroph,11.2,12.4,15.1,
Parmxan,Mtx m-l,Parmotrema xanthinum,East,S,20,3.7,4.9,5.8,7.15,intermediate,9.4,12.9,16.9,
Pelcol,Cya l,Peltigera collina,West,N,629,,5.2,6.3,8.04,eutroph,9.9,11.1,,
Pelcol,Cya l,Peltigera collina,West,S,631,,1.1,1.8,2.71,intermediate,4.3,,,
Phaadi,Mtx s,Phaeophyscia adiastola,East,N,47,,12.6,14.4,17.13,eutroph,,,,
Phaadi,Mtx s,Phaeophyscia adiastola,East,S,47,7.2,15,21.7,25.02,tolerant,,,,
Phacil,Mtx s,Phaeophyscia ciliata,East,N,82,,5,6,7.31,mesotroph,8.8,10.1,15.8,
Phacil,Mtx s,Phaeophyscia ciliata,East,S,82,,,,2.71,sensitive,3.3,4.6,29.9,
Phacil,Mtx s,Phaeophyscia ciliata,West,S,92,,0.8,1.5,4.87,intermediate,6.5,7.5,8.6,
Phadec,Mtx s,Phaeophyscia decolor,West,N,20,1.3,2.3,3.2,4.36,mesotroph,5.2,5.8,6.7,
Phadec,Mtx s,Phaeophyscia decolor,West,S,20,,,0.4,1.43,sensitive,2.3,2.7,8.8,
Phaend,Mtx s,Phaeophyscia endococcina,West,N,26,1.3,4,4.6,5.51,mesotroph,6.7,10.5,12.2,
Phaend,Mtx s,Phaeophyscia endococcina,West,S,26,,0.6,1.1,1.8,sensitive,2.5,3.1,3.9,
Phahirs,Mtx s,Phaeophyscia hirsuta,East,N,12,4.5,5.5,6.2,7.33,mesotroph,8.7,9.9,14.8,
Phahirs,Mtx s,Phaeophyscia hirsuta,West,N,362,1.4,2.6,3.3,4.33,mesotroph,5.4,6.3,,
Phahirs,Mtx s,Phaeophyscia hirsuta,West,S,362,,,0.6,1.48,sensitive,2.7,6,8.3,
Phahirt,Mtx s,Phaeophyscia hirtella,East,N,32,,4.5,5.4,6.66,mesotroph,8,9,10.9,
Phahirt,Mtx s,Phaeophyscia hirtella,West,N,9,,0.8,2.9,3.62,oligotroph,4.5,6.7,12.3,
Phahirt,Mtx s,Phaeophyscia hirtella,East,S,32,,,,2.71,sensitive,3.2,4,6,
Phahirt,Mtx s,Phaeophyscia hirtella,West,S,9,,0.4,0.4,1.41,sensitive,2.6,2.6,8.8,
Phahis,Mtx s,Phaeophyscia hispidula,East,N,14,,,4.8,6.06,mesotroph,7.5,9,15.7,
Phahis,Mtx s,Phaeophyscia hispidula,West,N,43,2.2,3.5,4.2,5.24,mesotroph,6.3,7.7,11.7,
Phahis,Mtx s,Phaeophyscia hispidula,East,S,14,,,,2.71,sensitive,3.3,4.1,25.4,
Phahis,Mtx s,Phaeophyscia hispidula,West,S,43,,0.7,1.1,1.75,sensitive,2.4,3,3.9,
Phakai,Mtx s,Phaeophyscia kairamoi,West,N,17,,0.8,2.8,4.11,oligotroph,5.6,6.1,12.3,
Phakai,Mtx s,Phaeophyscia kairamoi,West,S,15,,,0.4,0.77,sensitive,1.7,2.6,8.8,
Phanig,Mtx s,Phaeophyscia nigricans,West,N,79,1.3,2.6,3.8,5.8,mesotroph,9.3,10.6,12.1,
Phanig,Mtx s,Phaeophyscia nigricans,West,S,79,,,0.6,1.49,sensitive,2.4,3,4,
Phaorb,Mtx s,Phaeophyscia orbicularis,West,N,212,6.3,9.9,11.4,12.25,eutroph,,,,
Phaorb,Mtx s,Phaeophyscia orbicularis,West,S,212,,1.2,2.5,5.07,intermediate,8.8,,,
Phapus,Mtx s,Phaeophyscia pusilloides,East,N,567,,,5.4,7.3,mesotroph,12.8,,,
Pharub,Mtx s,Phaeophyscia rubropulchra,East,N,1209,,,9.8,13.57,eutroph,,,,
Pharub,Mtx s,Phaeophyscia rubropulchra,East,S,1209,,4.4,11.8,18.33,tolerant,30.1,,,
Phasci,Mtx s,Phaeophyscia sciastra,West,N,43,1.1,3.4,4.4,6.25,mesotroph,7.3,8,8.9,
Phasci,Mtx s,Phaeophyscia sciastra,West,S,44,,,0.4,1.3,sensitive,2.1,2.5,3.4,
Phyads,Mtx m-l,Physcia adscendens,East,N,104,,4.8,5.7,7.09,mesotroph,8.8,10.7,13.7,
Phyads,Mtx m-l,Physcia adscendens,West,N,1311,1.6,5.1,10.2,12.25,eutroph,,,,
Phyads,Mtx m-l,Physcia adscendens,East,S,104,,,,2.71,sensitive,3.2,4,15.7,
Phyads,Mtx m-l,Physcia adscendens,West,S,1309,,1.6,7,8.75,tolerant,,,,
Phyaip,Mtx m-l,Physcia aipolia,East,N,268,,,5.1,6.79,mesotroph,8.7,12.7,,
Phyaip,Mtx m-l,Physcia aipolia,West,N,583,1.3,4.7,6.2,8.55,eutroph,10.8,,,
Phyaip,Mtx m-l,Physcia aipolia,East,S,268,,,,2.71,sensitive,3.4,4.5,,
Phyaip,Mtx m-l,Physcia aipolia,West,S,585,,1.2,1.9,2.96,sensitive,4.7,6.9,,
Phyiame,Mtx m-l,Physcia americana,East,N,226,6.4,8.4,9.6,11.8,eutroph,,,,
Phyiame,Mtx m-l,Physcia americana,East,S,226,3.9,8.1,11,14.11,tolerant,17,19.5,,
Phybiz,Mtx m-l,Physcia biziana,West,N,631,1.9,3.9,11.5,12.25,eutroph,,,,
Phybiz,Mtx m-l,Physcia biziana,West,S,631,,,0.7,1.44,sensitive,2.2,8.1,,
Phycae,Mtx m-l,Physcia caesia,West,N,163,,2.9,4.5,6.01,mesotroph,7.3,8.3,10.7,
Phycae,Mtx m-l,Physcia caesia,West,S,164,,,,1.29,sensitive,2.2,2.7,3.6,
Phycri,Mtx m-l,Physcia crispa,East,N,12,5.9,7.4,8.3,9.48,eutroph,10.9,12.1,13.7,
Phycri,Mtx m-l,Physcia crispa,East,S,12,3.8,5.6,6.8,8.26,tolerant,9.8,11.4,14,
Phydim,Mtx m-l,Physcia dimidiata,West,N,544,0.9,2.1,3.3,12.25,eutroph,,,,
Phydim,Mtx m-l,Physcia dimidiata,West,S,544,,1.9,4,5.59,intermediate,7.5,,,
Phydub,Mtx m-l,Physcia dubia,West,N,196,1.1,2.9,4.2,5.57,mesotroph,7.1,8.4,,
Phydub,Mtx m-l,Physcia dubia,West,S,196,,,0.4,1.51,sensitive,2.4,3.3,7,
Phymil,Mtx m-l,Physcia millegrana,East,N,996,5.3,9.7,12.3,15.63,eutroph,,,,
Phymil,Mtx m-l,Physcia millegrana,East,S,996,,9.9,15.7,27.81,tolerant,,,,
Phyneo,Mtx m-l,Physcia neogaea,East,N,47,6.1,7.7,8.7,10.28,eutroph,12,15.9,,
Phyneo,Mtx m-l,Physcia neogaea,East,S,47,5,7,8.5,10.69,tolerant,13.5,15.6,31.5,
Physte,Mtx m-l,Physcia stellaris,East,N,547,,,,7.37,mesotroph,11.8,14.3,,
Physte,Mtx m-l,Physcia stellaris,East,S,547,,,,2.71,sensitive,4.4,16.2,,
Physte,Mtx m-l,Physcia stellaris,West,S,333,,,0.9,1.81,sensitive,7.2,,,
Phyten,Mtx m-l,Physcia tenella,West,N,330,3.9,9.8,11.3,12.25,eutroph,,,,
Phyten,Mtx m-l,Physcia tenella,West,S,330,0.7,4.4,7.1,8.75,tolerant,,,,
Phytri,Mtx m-l,Physcia tribacia,West,N,18,2.9,3.8,4.2,4.85,mesotroph,5.6,6.2,11.2,
Phytri,Mtx m-l,Physcia tribacia,West,S,18,,,,0.38,sensitive,1.4,1.4,8.8,
Phylchl,Mtx s,Physciella chloantha,West,N,159,1.3,2.6,3.6,5.23,mesotroph,6.9,7.9,9.9,
Phylchl,Mtx s,Physciella chloantha,East,S,65,,,,2.71,sensitive,3.2,4,31.8,
Phylchl,Mtx s,Physciella chloantha,West,S,159,,,0.4,1.32,sensitive,2.3,4.4,8.2,
Phylmel,Mtx s,Physciella melanchra,East,N,10,4.5,5.3,6.1,7.36,mesotroph,8.9,15.7,17.1,
Phylmel,Mtx s,Physciella melanchra,West,N,25,1.2,2.7,7.2,8.8,eutroph,10.5,11.1,12.2,
Phylmel,Mtx s,Physciella melanchra,East,S,10,,,,2.71,sensitive,3.4,4.6,20.9,
Phylmel,Mtx s,Physciella melanchra,West,S,25,,0.4,1.9,2.73,sensitive,3.5,4,4.8,
Phylnep,Mtx s,Physciella nepalensis,West,N,17,0.8,1.9,2.9,3.82,oligotroph,4.7,5.6,12.3,
Phylnep,Mtx s,Physciella nepalensis,West,S,17,,,0.4,1.2,sensitive,2.2,2.9,8.8,
Phycame,Mtx m-l,Physconia americana,West,N,213,1.2,8,10.7,12.25,eutroph,,,,
Phycame,Mtx m-l,Physconia americana,West,S,213,,,3,4.58,intermediate,6.3,7.3,8.6,
Phycele,Mtx m-l,Physconia elegantula,West,N,33,2.4,3.4,4,5.23,mesotroph,6.8,7.5,8.6,
Phycele,Mtx m-l,Physconia elegantula,West,S,33,,0.7,1,1.77,sensitive,2.6,3,3.9,
Phycent,Mtx m-l,Physconia enteroxantha,West,N,282,3.6,9.3,11.2,12.25,eutroph,,,,
Phycent,Mtx m-l,Physconia enteroxantha,West,S,282,,1.2,3.5,5.14,intermediate,7.1,8.5,,
Phycfal,Mtx m-l,Physconia fallax,West,N,26,8,10.4,11.5,12.25,eutroph,,,,
Phycfal,Mtx m-l,Physconia fallax,West,S,26,2.5,7.1,8,8.75,tolerant,,,,
Phycgri,Mtx m-l,Physconia grisea,West,N,11,2.2,5.6,6.2,7.55,mesotroph,9.5,10.6,12.1,
Phycgri,Mtx m-l,Physconia grisea,West,S,11,0.4,0.7,1.3,2.01,sensitive,2.7,3.5,8.8,
Phycmus,Mtx m-l,Physconia muscigena,West,N,46,0.8,1.7,2.5,4.71,mesotroph,5.7,6.5,12,
Phycmus,Mtx m-l,Physconia muscigena,West,S,46,,,,0.66,sensitive,2,2.8,3.7,
Phycper,Mtx m-l,Physconia perisidiosa,East,N,285,,,4.5,6.57,mesotroph,8.4,10,13.4,
Phycper,Mtx m-l,Physconia perisidiosa,West,N,510,2.5,8.6,11,12.25,eutroph,,,,
Phycper,Mtx m-l,Physconia perisidiosa,East,S,285,,,,2.71,sensitive,3.4,4.6,15.3,
Phycper,Mtx m-l,Physconia perisidiosa,West,S,513,,0.8,2.3,5.1,intermediate,,,,
Placarb,Mtx s,Placidium arboreum,West,N,9,0.8,3.9,4.9,5.56,mesotroph,6.3,7,12.3,
Placarb,Mtx s,Placidium arboreum,West,S,9,,0.4,0.4,0.8,sensitive,2.4,2.4,8.8,
Plagla,Mtx m-l,Platismatia glauca,East,N,103,,,,4.2,oligotroph,4.9,5.9,8.3,
Plagla,Mtx m-l,Platismatia glauca,West,N,2945,,,5.8,7.96,mesotroph,10.8,,,
Plagla,Mtx m-l,Platismatia glauca,East,S,103,,,3.4,4.68,intermediate,6.1,7.2,9.5,
Plagla,Mtx m-l,Platismatia glauca,West,S,2943,,,1.6,8.75,tolerant,,,,
Plaher,Mtx m-l,Platismatia herrei,West,N,1447,,,3,6.7,mesotroph,8.7,10.4,,
Plaher,Mtx m-l,Platismatia herrei,West,S,1446,,0.7,1.3,2.2,sensitive,3.3,4.5,,
Plalac,Mtx m-l,Platismatia lacunosa,West,N,210,,,,0.75,oligotroph,1,1.3,2.1,
Plalac,Mtx m-l,Platismatia lacunosa,West,S,213,,0.6,0.9,1.51,sensitive,5.1,7,8.5,
Planor,Mtx m-l,Platismatia norvegica,West,N,598,,,,0.75,oligotroph,1,1.4,11.6,
Plaste,Mtx m-l,Platismatia stenophylla,West,N,1063,1.4,2.8,5.3,6.95,mesotroph,8.8,10.2,11.9,
Plaste,Mtx m-l,Platismatia stenophylla,West,S,1063,,0.8,1.4,2.25,sensitive,3.1,3.8,8.6,
Platuc,Mtx m-l,Platismatia tuckermanii,East,N,212,,,,4.2,oligotroph,4.9,6,8.4,
Platuc,Mtx m-l,Platismatia tuckermanii,East,S,212,,,,3.73,sensitive,5.3,6.5,15.9,
Polcan,Mtx s,Polycauliona candelaria,West,S,276,,4.8,7.2,8.75,tolerant,,,,
Polpol,Mtx s,Polycauliona polycarpa,East,N,136,,,4.8,6.57,mesotroph,8.1,9.3,12,
Polpol,Mtx s,Polycauliona polycarpa,West,N,1735,1.2,3.5,9.7,12.25,eutroph,,,,
Polpol,Mtx s,Polycauliona polycarpa,East,S,136,,,,2.71,sensitive,3.3,4.5,8.1,
Polpol,Mtx s,Polycauliona polycarpa,West,S,1735,,0.8,2.1,8.75,tolerant,,,,
Polten,Mtx s,Polycauliona tenax,West,N,21,7.9,10.4,11.5,12.25,eutroph,,,,
Polten,Mtx s,Polycauliona tenax,West,S,21,1.6,2.8,3.9,6.14,intermediate,,,,
Polmus,Mtx s,Polychidium muscicola,West,N,29,,,,0.75,oligotroph,1.3,2,8,
Polmus,Mtx s,Polychidium muscicola,West,S,29,,,,0.38,sensitive,1.8,2.2,3.1,
Propez,Cya s-m,Protopannaria pezizoides,West,N,63,,,,0.75,oligotroph,1,1.4,6,
Propez,Cya s-m,Protopannaria pezizoides,West,S,65,,,0.7,1.31,sensitive,2,2.6,3.5,
Pseecla,For sh,Pseudevernia cladonia,East,N,12,,4.2,5.4,13.24,eutroph,15,16.1,17.1,
Pseecla,For sh,Pseudevernia cladonia,East,S,12,3,12.8,14.9,16.35,tolerant,17.5,18.4,19.9,
Pseecon,For sh,Pseudevernia consocians,East,N,60,,4.2,8.7,10.77,eutroph,12.5,13.6,15.9,
Pseeint,For sh,Pseudevernia intensa,West,N,80,1.9,3.3,3.9,4.75,mesotroph,5.7,6.5,8.9,
Pseeint,For sh,Pseudevernia intensa,West,S,80,,0.8,1.1,1.76,sensitive,8.6,7.9,6.6,
Pseccro,Cya l,Pseudocyphellaria crocata,East,N,15,,,,4.2,oligotroph,4.8,5.6,7.3,
Pseccro,Cya l,Pseudocyphellaria crocata,West,N,288,,,,0.75,oligotroph,1.1,4.1,7.7,
Pseccro,Cya l,Pseudocyphellaria crocata,East,S,15,,,3,4.24,intermediate,5.4,6.5,8.2,
Pseccro,Cya l,Pseudocyphellaria crocata,West,S,287,,1.3,3.8,5.07,intermediate,6.6,7.5,8.6,
Psecmal,Cya l,Pseudocyphellaria mallota,West,N,14,,,,0.75,oligotroph,1.1,1.4,2.5,
Psecmal,Cya l,Pseudocyphellaria mallota,West,S,13,,0.4,0.4,1.22,sensitive,2.4,2.4,8.8,
Psecrai,Cya l,Pseudocyphellaria rainierensis,West,N,51,,,,0.75,oligotroph,1,1.4,5.2,
Psecrai,Cya l,Pseudocyphellaria rainierensis,West,S,50,,0.5,0.9,1.42,sensitive,2,2.5,3.4,
Punapp,Mtx m-l,Punctelia appalachensis,East,N,15,4.8,9.3,11,13.81,eutroph,15.5,16.3,,
Punbol,Mtx m-l,Punctelia bolliana,East,N,38,4.5,5.4,6.2,7.33,mesotroph,8.8,10.1,13.2,
Punbol,Mtx m-l,Punctelia bolliana,East,S,38,,,,2.71,sensitive,3.2,4,6,
Pungra,Mtx m-l,Punctelia graminicola,East,N,40,7.3,9.2,10.2,11.7,eutroph,13.6,15.6,,
Pungra,Mtx m-l,Punctelia graminicola,West,N,10,0.8,3,3.7,5.39,mesotroph,6.3,6.9,12.3,
Pungra,Mtx m-l,Punctelia graminicola,West,S,10,0.4,0.4,0.8,1.69,sensitive,2.6,3.3,8.8,
Punhyp,Mtx m-l,Punctelia hypoleucites,West,N,37,2.2,4.3,5,6.04,mesotroph,7.3,8.2,10,
Punhyp,Mtx m-l,Punctelia hypoleucites,West,S,37,0.4,0.7,1.1,1.78,sensitive,2.5,3,3.9,
Punmis,Mtx m-l,Punctelia missouriensis,East,N,73,9.4,11.7,13,14.74,eutroph,17.1,,,
Punmis,Mtx m-l,Punctelia missouriensis,East,S,73,9.7,13.2,16.6,25.2,tolerant,28.8,31.7,,
Punper,Mtx m-l,Punctelia perreticulata,East,N,499,5,10.6,12.1,14.21,eutroph,,,,
Punper,Mtx m-l,Punctelia perreticulata,West,N,92,3.3,6.4,7.6,9.09,eutroph,10.8,12,,
Punper,Mtx m-l,Punctelia perreticulata,East,S,499,3.6,13.7,20.1,25.49,tolerant,,,,
Punper,Mtx m-l,Punctelia perreticulata,West,S,92,0.7,1.7,2.4,3.35,sensitive,5.8,,,
Punred,Mtx m-l,Punctelia reddenda,East,N,16,6.1,7.9,8.9,10.29,eutroph,11.7,12.7,14.4,
Punred,Mtx m-l,Punctelia reddenda,East,S,16,4.9,6.8,7.9,9.45,tolerant,11.5,13.7,18.5,
Punrud,Mtx m-l,Punctelia rudecta,East,N,1305,,,6.3,11.09,eutroph,,,,
Punrud,Mtx m-l,Punctelia rudecta,East,S,1305,,3.1,6.6,14.42,tolerant,18.9,28.3,,
Pyxsor,Mtx s,Pyxine sorediata,East,N,329,,,,4.2,oligotroph,5.2,14.4,,
Pyxsub,Mtx s,Pyxine subcinerea,East,N,160,6.6,9,16.1,17.13,eutroph,,,,
Ramame,For sh,Ramalina americana,East,N,336,,,,4.2,oligotroph,11.2,12.6,16.8,
Ramame,For sh,Ramalina americana,East,S,336,,,,2.71,sensitive,3.7,12,18,
Ramdil,For sh,Ramalina dilacerata,East,N,78,,,,4.2,oligotroph,5.1,6.3,8.6,
Ramdil,For sh,Ramalina dilacerata,West,N,270,,5.1,6.1,7.35,mesotroph,9.1,10.6,12.2,
Ramdil,For sh,Ramalina dilacerata,East,S,78,,,,2.71,sensitive,4,5.3,7.4,
Ramdil,For sh,Ramalina dilacerata,West,S,269,0.5,1.1,1.7,2.42,sensitive,3.5,8.8,,
Ramfar,For sh,Ramalina farinacea,West,N,1028,,5.3,6.4,8.36,eutroph,10.9,,,
Ramfar,For sh,Ramalina farinacea,West,S,1028,0.5,1.4,2.2,8.75,tolerant,,,,
Ramint,For sh,Ramalina intermedia,East,N,24,,,,5.25,mesotroph,6.6,7.7,9.4,
Ramint,For sh,Ramalina intermedia,East,S,24,,,,2.71,sensitive,3.2,4.1,5.9,
Ramlep,For sh,Ramalina leptocarpha,West,N,24,3.7,9.5,11.2,12.25,eutroph,,,,
Ramlep,For sh,Ramalina leptocarpha,West,S,24,1.4,3,4.1,6.02,intermediate,8.7,,,
Rammen,For p,Ramalina menziesii,West,N,98,,1.8,4.9,5.94,mesotroph,8.3,10.1,11.8,
Rammen,For p,Ramalina menziesii,West,S,99,0.5,2.4,3.5,4.85,intermediate,6.4,7.5,8.6,
Ramobt,For sh,Ramalina obtusata,West,S,9,0.9,3.3,4,5.28,intermediate,6.8,7.7,8.7,
Rampoll,For sh,Ramalina pollinaria,West,N,37,0.8,5.2,6,7.04,mesotroph,8.4,9.8,11.7,
Rampoll,For sh,Ramalina pollinaria,West,S,37,0.7,2.8,3.9,5.67,intermediate,8,,,
Ramroe,For sh,Ramalina roesleri,West,N,156,,,,0.75,oligotroph,1,1.5,5,
Ramroe,For sh,Ramalina roesleri,West,S,154,,0.7,1.1,4.41,intermediate,6.3,7.3,8.5,
Ramsin,For sh,Ramalina sinensis,East,N,18,,4.9,5.7,6.97,mesotroph,8.2,9.2,11,
Ramsin,For sh,Ramalina sinensis,West,N,57,2.4,3.6,4.2,5.2,mesotroph,6.6,7.5,8.6,
Ramsin,For sh,Ramalina sinensis,East,S,18,,,,2.71,sensitive,3.1,3.8,5.3,
Ramsin,For sh,Ramalina sinensis,West,S,57,,0.8,1.2,1.84,sensitive,2.5,3,3.9,
Ramsub,For sh,Ramalina subleptocarpha,West,N,94,0.8,6.6,8.4,12.25,eutroph,,,,
Ramsub,For sh,Ramalina subleptocarpha,West,S,94,1.1,3.3,5.5,8.75,tolerant,,,,
Ramthr,For p,Ramalina thrausta,West,N,72,,,,0.75,oligotroph,1,1.4,6.2,
Ramthr,For p,Ramalina thrausta,West,S,72,,0.4,0.8,1.44,sensitive,2.2,2.8,3.7,
Xansor,Mtx s,Rusavskia sorediata,West,N,34,0.8,2.7,3.8,4.98,mesotroph,6.2,7,8.5,
Xansor,Mtx s,Rusavskia sorediata,West,S,34,,,0.4,1.33,sensitive,2.4,2.7,3.6,
Scycel,Cya s-m,Scytinium cellulosum,West,N,13,1.2,5.6,6.2,7.55,mesotroph,9.5,10.6,12.1,
Scycel,Cya s-m,Scytinium cellulosum,West,S,13,,,0.4,1.57,sensitive,2.5,3.2,8.8,
Scygel,Cya s-m,Scytinium gelatinosum,West,N,19,,5.7,6.6,8.26,eutroph,10,11,12.2,
Scygel,Cya s-m,Scytinium gelatinosum,West,S,19,0.4,1.1,1.8,2.58,sensitive,3.4,4,4.7,
Scylic,Cya s-m,Scytinium lichenoides,West,N,108,,3.9,5,6.95,mesotroph,9.4,10.7,12,
Scylic,Cya s-m,Scytinium lichenoides,West,S,108,,2.5,3.7,5.01,intermediate,6.6,7.6,8.6,
Scypal,Cya s-m,Scytinium palmatum,West,N,63,,4.7,5.8,8.01,eutroph,9.9,10.9,12.1,
Scypal,Cya s-m,Scytinium palmatum,West,S,64,0.4,1,1.5,2.36,sensitive,3.2,3.7,4.5,
Scypol,Cya s-m,Scytinium polycarpum,West,N,94,1.9,5.6,7.2,8.79,eutroph,10.4,11.5,,
Scypol,Cya s-m,Scytinium polycarpum,West,S,94,0.5,1.2,1.8,8.75,tolerant,,,,
Sphglo,For sh,Sphaerophorus globosus,West,S,1457,,0.8,1.3,2.15,sensitive,3.1,3.8,6.7,
Stibea,Cya l,Sticta beauvoisii,West,N,90,,,,0.75,oligotroph,1,1.5,10.4,
Stibea,Cya l,Sticta beauvoisii,West,S,90,,0.5,0.9,1.46,sensitive,6.4,7.5,8.7,
Stiful,Cya l,Sticta fuliginosa,West,N,340,,1,6.3,7.95,mesotroph,10,11.4,,
Stiful,Cya l,Sticta fuliginosa,West,S,339,0.5,1.2,1.8,2.66,sensitive,3.8,5.2,,
Stilim,Cya l,Sticta limbata,West,N,236,,5.6,6.6,8.2,eutroph,9.8,10.9,12,
Stilim,Cya l,Sticta limbata,West,S,235,0.6,1.3,1.9,2.63,sensitive,3.4,4.1,8.2,
Telchr,Mtx m-l,Teloschistes chrysophthalmus,West,N,10,4.5,5.8,6.7,9.11,eutroph,,,,
Telchr,Mtx m-l,Teloschistes chrysophthalmus,West,S,10,1.6,3.1,3.9,5.7,intermediate,7.9,,,
Tuccor,Mtx m-l,Tuckermanella coralligera,West,N,33,1.5,2.7,3.5,5.32,mesotroph,6.4,7.2,8.5,
Tuccor,Mtx m-l,Tuckermanella coralligera,West,S,33,,0.6,1.1,1.71,sensitive,2.3,2.9,3.8,
Tucfen,Mtx m-l,Tuckermanella fendleri,East,N,42,,7.5,8.6,10.08,eutroph,11.5,12.6,15.9,
Tucfen,Mtx m-l,Tuckermanella fendleri,West,N,118,1.4,2.6,3.4,4.48,mesotroph,5.7,6.7,9.2,
Tucfen,Mtx m-l,Tuckermanella fendleri,East,S,42,3.9,6.5,7.7,9.53,tolerant,11.8,13.3,16,
Tucfen,Mtx m-l,Tuckermanella fendleri,West,S,118,,,0.8,1.51,sensitive,2.2,2.7,3.6,
Tucweb,Mtx m-l,Tuckermanella weberi,West,N,11,2.8,4.4,5.3,6.42,mesotroph,7.4,8,9.1,
Tucweb,Mtx m-l,Tuckermanella weberi,West,S,11,0.4,0.8,1.2,2.08,sensitive,3,3.5,8.8,
Tucame,Mtx m-l,Tuckermannopsis americana,East,N,152,,,,4.2,oligotroph,6.1,7.8,10.6,
Tucame,Mtx m-l,Tuckermannopsis americana,East,S,152,,,,3.38,sensitive,5.6,7.2,11.8,
Tucchl,Mtx m-l,Tuckermannopsis chlorophylla,West,N,2219,,,0.9,2.48,oligotroph,7.9,,,
Tuccil,Mtx m-l,Tuckermannopsis ciliaris,East,N,92,,,,4.2,oligotroph,5.3,13,15.9,
Tuccil,Mtx m-l,Tuckermannopsis ciliaris,East,S,92,,3.6,11.6,13.33,tolerant,15.1,17.1,26.5,
Tucorb,Mtx m-l,Tuckermannopsis orbata,East,N,197,,,,4.2,oligotroph,4.9,6.1,9.1,
Tucorb,Mtx m-l,Tuckermannopsis orbata,West,N,1525,,1.4,2.3,6.75,mesotroph,8.3,10.8,,
Tucorb,Mtx m-l,Tuckermannopsis orbata,East,S,197,,,3.3,4.67,intermediate,6.1,7.3,9.7,
Tucorb,Mtx m-l,Tuckermannopsis orbata,West,S,1525,,,1,2.96,sensitive,,,,
Tucpla,Mtx m-l,Tuckermannopsis platyphylla,West,N,1511,,1,1.5,2.34,oligotroph,3.3,4.1,6.3,
Tucpla,Mtx m-l,Tuckermannopsis platyphylla,West,S,1511,,,,0.38,sensitive,0.7,1.3,8.5,
Tucsep,Mtx m-l,Tuckermannopsis sepincola,East,N,11,,,,4.68,mesotroph,7.3,8.8,11.6,
Tucsep,Mtx m-l,Tuckermannopsis sepincola,West,N,13,,,,0.75,oligotroph,1.2,1.9,6,
Tucsep,Mtx m-l,Tuckermannopsis sepincola,East,S,11,,3.2,4,5.26,intermediate,6.9,10.5,13.7,
Tucsep,Mtx m-l,Tuckermannopsis sepincola,West,S,13,,0.4,0.4,1.17,sensitive,2.3,2.3,8.8,
Tucsub,Mtx m-l,Tuckermannopsis subalpina,West,N,86,,1.1,3.5,4.44,mesotroph,5.5,6.2,11,
Tucsub,Mtx m-l,Tuckermannopsis subalpina,West,S,86,,0.7,1.2,2.05,sensitive,2.8,3.4,4.2,
Usncav,For p,Usnea cavernosa,East,N,19,,,,4.93,mesotroph,6.5,7.4,9.2,
Usncav,For p,Usnea cavernosa,West,N,68,1.7,3.2,3.8,4.68,mesotroph,5.7,6.4,7.7,
Usncav,For p,Usnea cavernosa,East,S,19,,,,2.71,sensitive,3.4,4.3,6.3,
Usncav,For p,Usnea cavernosa,West,S,68,,0.7,1.1,1.77,sensitive,2.4,3,3.8,
Usncor,For sh,Usnea cornuta,East,N,12,7.9,9.7,10.5,11.92,eutroph,13.5,14.6,16.5,
Usncor,For sh,Usnea cornuta,West,N,251,,2.4,3.3,12.25,eutroph,,,,
Usnfil,For p,Usnea filipendula,East,N,68,,,,4.2,oligotroph,4.9,6.1,8.4,
Usnfil,For p,Usnea filipendula,West,N,947,,1.8,3.1,6.28,mesotroph,9.2,10.7,,
Usnfil,For p,Usnea filipendula,East,S,68,,,,3.63,sensitive,5.5,6.9,9,
Usnfil,For p,Usnea filipendula,West,S,948,,0.6,1.3,2.36,sensitive,3.6,5.3,,
Usnwir,For sh,Usnea flavocardia,West,N,428,2.3,5.9,7.3,8.94,eutroph,10.8,12.1,,
Usnwir,For sh,Usnea flavocardia,West,S,429,0.7,1.6,2.3,3.5,sensitive,8.8,,,
Usnfra,For sh,Usnea fragilescens,West,N,92,,,2.4,4.04,oligotroph,9.3,10.9,12.1,
Usnfra,For sh,Usnea fragilescens,West,S,91,,0.7,1.2,2.08,sensitive,3.8,5.8,8.2,
Usnglaa,For sh,Usnea glabrata,West,N,287,1.4,4.6,7.6,9.66,eutroph,,,,
Usnglaa,For sh,Usnea glabrata,West,S,286,0.7,2.4,3.6,5.68,intermediate,8.4,,,
Usnglae,For sh,Usnea glabrescens,East,N,23,,,,4.73,mesotroph,6.9,8.2,10.3,
Usnglae,For sh,Usnea glabrescens,West,N,79,1.4,2.7,3.5,4.75,mesotroph,6,,,
Usnglae,For sh,Usnea glabrescens,East,S,23,,,,2.71,sensitive,4.9,6.4,9.1,
Usnglae,For sh,Usnea glabrescens,West,S,79,,1.8,3.2,5.34,intermediate,8.1,,,
Usnhir,For sh,Usnea hirta,East,N,246,,,,4.2,oligotroph,7.5,8.9,11.7,
Usnhir,For sh,Usnea hirta,West,N,544,1.4,2.6,3.5,4.75,mesotroph,6.1,7.1,9,
Usnhir,For sh,Usnea hirta,East,S,246,,,,4.82,intermediate,6.7,8.3,16.7,
Usnhir,For sh,Usnea hirta,West,S,544,,,0.8,1.68,sensitive,2.8,,,
Usnari,For sh,Usnea intermedia,West,N,31,1.9,3.6,4.6,5.81,mesotroph,6.9,7.8,8.9,
Usnari,For sh,Usnea intermedia,West,S,31,0.4,0.9,1.4,2.13,sensitive,3.1,3.6,4.5,
Usnlap,For sh,Usnea lapponica,West,N,837,,1.6,2.5,4.05,oligotroph,5.5,7.4,11.5,
Usnlap,For sh,Usnea lapponica,West,S,836,,,,1.63,sensitive,4.6,8.1,,
Usnlon,For p,Usnea longissima,East,N,18,,,,4.2,oligotroph,4.8,5.6,7.3,
Usnlon,For p,Usnea longissima,West,N,200,,,,0.75,oligotroph,1,1.4,11.3,
Usnlon,For p,Usnea longissima,East,S,18,,,,2.71,sensitive,4.7,5.8,7.6,
Usnlon,For p,Usnea longissima,West,S,201,,0.8,1.3,2.55,sensitive,3.5,4.3,6.1,
Usnmir,For sh,Usnea mirabilis,East,N,31,6.3,7.9,8.8,10.28,eutroph,11.9,13.3,15.4,
Usnmir,For sh,Usnea mirabilis,East,S,31,4,6.4,8.4,11.29,tolerant,13.2,14.5,17,
Usnmut,For sh,Usnea mutabilis,East,N,71,,8.4,9.6,11.11,eutroph,12.7,14,,
Usnmut,For sh,Usnea mutabilis,East,S,71,3.1,6.8,9.8,12.32,tolerant,14.6,16.3,21,
Usnpac,For sh,Usnea pacificana,West,N,129,1.3,3,4.3,7.6,mesotroph,11.1,,,
Usnpac,For sh,Usnea pacificana,West,S,129,0.4,1,1.6,2.44,sensitive,8.3,,,
Usnpar,For sh,Usnea parvula,West,N,13,0.8,1.5,2.1,3.53,oligotroph,6.4,7.4,12.3,
Usnpar,For sh,Usnea parvula,West,S,13,,0.4,0.5,1.32,sensitive,2,2.9,8.8,
Usnrub,For sh,Usnea rubicunda,East,N,70,4.7,8.3,9.5,11,eutroph,12.5,13.9,,
Usnrub,For sh,Usnea rubicunda,West,N,31,0.8,1.3,1.7,2.59,oligotroph,4.5,11,12.1,
Usnrub,For sh,Usnea rubicunda,East,S,70,3.9,10,11.2,12.69,tolerant,14.1,15.3,18,
Usnrub,For sh,Usnea rubicunda,West,S,31,,0.5,1,1.57,sensitive,2.2,2.7,3.5,
Usnsca,For p,Usnea scabrata,West,N,643,,,1.5,2.58,oligotroph,7.3,9.6,11.8,
Usnsca,For p,Usnea scabrata,West,S,642,,,0.5,2.49,sensitive,3.8,5.1,7.9,
Usnsil,For sh,Usnea silesiaca,West,N,64,,,,0.75,oligotroph,4.9,6,11.2,
Usnsil,For sh,Usnea silesiaca,West,S,64,0.4,1.3,4.7,8.75,tolerant,,,,
Usnea,For sh,Usnea sp,East,N,66,,,,4.2,oligotroph,4.8,5.8,13.1,
Usnea,For sh,Usnea sp,West,N,126,,1,6.1,8.86,eutroph,11.8,,,
Usnea,For sh,Usnea sp,East,S,66,,,3.3,4.61,intermediate,6,7.1,17.6,
Usnstr,For sh,Usnea strigosa,East,N,323,5.9,7.8,8.9,10.39,eutroph,12.1,13.7,,
Usnstr,For sh,Usnea strigosa,East,S,323,4.2,6.5,8.5,11.12,tolerant,13.7,15.5,27,
Usnsubfl,For sh,Usnea subfloridana,East,N,259,,,,4.2,oligotroph,5.3,6.8,9.6,
Usnsubfl,For sh,Usnea subfloridana,West,N,312,1.3,3.1,4.5,5.95,mesotroph,7.7,9.7,,
Usnsubfl,For sh,Usnea subfloridana,East,S,259,,,,3.96,sensitive,5.8,7.2,10.5,
Usnsubfl,For sh,Usnea subfloridana,West,S,314,,1,1.8,3.36,sensitive,6.6,,,
Usnsubfu,For sh,Usnea subfusca,East,N,12,4.8,15.1,16.4,17.13,eutroph,,,,
Usnsubg,For sh,Usnea subgracilis,West,N,33,0.8,1.2,2.1,3.61,oligotroph,4.5,5.4,6.2,
Usnsubg,For sh,Usnea subgracilis,West,S,33,,0.7,1,1.64,sensitive,2.3,2.7,3.6,
Usnsubsc,For sh,Usnea subscabrosa,East,N,22,5.5,9.7,10.6,12.36,eutroph,14.1,15.2,16.8,
Usnsubsc,For sh,Usnea subscabrosa,East,S,22,3.9,11,12.2,13.63,tolerant,15.2,16.4,19.3,
Usnsubst,For sh,Usnea substerilis,West,N,130,,5,7.6,8.99,eutroph,10.5,11.6,,
Usnsubst,For sh,Usnea substerilis,West,S,131,,1.3,2.1,3.24,sensitive,5.1,6.6,8.4,
Usntric,For p,Usnea trichodea,East,N,18,,,,4.2,oligotroph,4.9,5.9,7.6,
Usntric,For p,Usnea trichodea,East,S,18,,,,4.24,intermediate,5.6,6.5,8.1,
Usnwas,For sh,Usnea wasmuthii,West,N,18,1.1,7.9,9.3,12.25,eutroph,,,,
Usncoak,Mtx m-l,Usnocetraria oakesiana,East,N,460,,,,4.2,oligotroph,5,6.7,,
Vahleu,Cya s-m,Vahliella leucophaea,West,N,17,1.4,4.1,4.7,6.26,mesotroph,7.4,8,9,
Vahleu,Cya s-m,Vahliella leucophaea,West,S,18,,0.4,1,1.74,sensitive,2.4,3.2,8.8,
Vahsau,Cya s-m,Vahliella saubinetii,West,N,32,,2.1,3.4,4.37,mesotroph,5.4,9.9,12,
Vulcan,Cya s-m,Vulpicida canadensis,West,N,755,,,1,1.67,oligotroph,2.4,3,4.5,
Vulcan,Cya s-m,Vulpicida canadensis,West,S,755,,,,0.38,sensitive,0.6,1,1.8,
Vulpin,Cya s-m,Vulpicida pinastri,East,N,131,,,,4.2,oligotroph,5,6.1,8.4,
Vulpin,Cya s-m,Vulpicida pinastri,West,N,137,,,1,4.58,mesotroph,5.6,6.7,8.2,
Vulpin,Cya s-m,Vulpicida pinastri,East,S,131,,,,2.71,sensitive,4.4,5.7,7.8,
Vulpin,Cya s-m,Vulpicida pinastri,West,S,137,,,0.4,1.39,sensitive,2.3,3,4,
Xanfal,Mtx s,Xanthomendoza fallax,East,N,97,,5,5.8,7.03,mesotroph,8.4,9.7,16.3,
Xanfal,Mtx s,Xanthomendoza fallax,West,N,1441,,3.6,11.2,12.25,eutroph,,,,
Xanfal,Mtx s,Xanthomendoza fallax,East,S,97,,,,2.71,sensitive,3.3,4.2,6.4,
Xanpar,Mtx m-l,Xanthoria parietina,West,N,38,4.3,7.3,8.3,9.95,eutroph,12.2,,,
Xanpar,Mtx m-l,Xanthoria parietina,West,S,38,1,1.8,2.3,3.04,sensitive,,4.1,,